"ID","Player","Team","Position","RkOv","Status","Opponent","FPts","FP/G","Ros","+/-"
"*05gcr*","Bruno Fernandes","MUN","M","1","FA","MUN 3<br/>@BHA 0 F","644","18.4","100%","0%"
"*061vq*","Erling Haaland","MCI","F","2","FA","AVL 2<br/>@MCI 1 F","519.5","14.84","100%","0%"
"*068y0*","Antoine Semenyo","BOU/MCI","F","3","FA","AVL 2<br/>@MCI 1 F","451.25","12.2","100%","0%"
"*06mn0*","Igor Thiago","BRF","F","4","FA","BRF 1<br/>@LIV 1 F","447","11.76","99%","0%"
"*03vlj*","Virgil van Dijk","LIV","D","5","FA","BRF 1<br/>@LIV 1 F","432.25","11.38","100%","0%"
"*0427d*","James Tarkowski","EVE","D","6","FA","EVE 0<br/>@TOT 1 F","429","11.59","100%","0%"
"*06cmm*","Dominik Szoboszlai","LIV","M","7","FA","BRF 1<br/>@LIV 1 F","423.5","11.76","100%","0%"
"*04agz*","Declan Rice","ARS","M","8","FA","ARS 2<br/>@CRY 1 F","414.5","11.51","100%","0%"
"*050jq*","Marc Guehi","CRY/MCI","D","9","FA","AVL 2<br/>@MCI 1 F","414","11.83","99%","+1%"
"*04y92*","Bukayo Saka","ARS","M","11","FA","ARS 2<br/>@CRY 1 F","413.75","13.35","100%","0%"
"*046c5*","Jarrod Bowen","WHU","F","10","FA","LEE 0<br/>@WHU 3 F","413.75","10.89","0%","0%"
"*04qr9*","Morgan Gibbs-White","NOT","M","12","FA","BOU 1<br/>@NOT 1 F","411.5","11.12","100%","+1%"
"*04spw*","James Garner","EVE","M","13","FA","EVE 0<br/>@TOT 1 F","404.75","10.65","98%","+1%"
"*05nzu*","Gabriel Magalhaes","ARS","D","14","FA","ARS 2<br/>@CRY 1 F","400.5","12.52","100%","0%"
"*05opj*","Elliot Anderson","NOT","M","15","FA","BOU 1<br/>@NOT 1 F","399.75","10.52","99%","0%"
"*063e7*","Marcos Senesi","BOU","D","16","FA","BOU 1<br/>@NOT 1 F","398.25","10.76","98%","+1%"
"*05g2o*","Joao Pedro","CHE","F","17","FA","CHE 1<br/>@SUN 2 F","386.25","11.04","100%","0%"
"*06uyc*","Adrien Truffert","BOU","D","18","FA","BOU 1<br/>@NOT 1 F","380.75","10.02","98%","0%"
"*05oh0*","Jan-Paul van Hecke","BHA","D","19","FA","MUN 3<br/>@BHA 0 F","374.25","10.4","99%","0%"
"*05a6e*","Neco Williams","NOT","D","20","FA","BOU 1<br/>@NOT 1 F","373","10.08","99%","+3%"
"*068ym*","Enzo Fernandez","CHE","M","21","FA","CHE 1<br/>@SUN 2 F","370.5","10.29","100%","0%"
"*06zbx*","Anton Stach","LEE","M","22","FA","LEE 0<br/>@WHU 3 F","360","12.41","98%","+1%"
"*06fup*","Jeremy Doku","MCI","M","23","FA","AVL 2<br/>@MCI 1 F","357.5","11.92","100%","0%"
"*05uht*","Morgan Rogers","AVL","M","24","FA","AVL 2<br/>@MCI 1 F","356","9.62","100%","0%"
"*0703c*","Nordi Mukiele","SUN","D","25","FA","CHE 1<br/>@SUN 2 F","354.5","11.08","97%","+2%"
"*063zi*","Matheus Nunes","MCI","D","26","FA","AVL 2<br/>@MCI 1 F","352","10.35","100%","+1%"
"*0642l*","Casemiro","MUN","M","27","FA","MUN 3<br/>@BHA 0 F","350.25","10.3","100%","0%"
"*06pia*","Maxence Lacroix","CRY","D","28","FA","ARS 2<br/>@CRY 1 F","348","9.94","99%","+1%"
"*067yz*","Matheus Cunha","MUN","F","29","FA","MUN 3<br/>@BHA 0 F","341","10.33","100%","0%"
"*03rxs*","Harry Wilson","FUL","M","30","FA","NEW 0<br/>@FUL 2 F","341","9.47","99%","+1%"
"*06v07*","Rayan Cherki","MCI","M","31","FA","AVL 2<br/>@MCI 1 F","340.75","10.33","100%","0%"
"*05n07*","Pedro Porro","TOT","D","32","FA","EVE 0<br/>@TOT 1 F","340","10","100%","0%"
"*06c6g*","Yankuba Minteh","BHA","M","33","FA","MUN 3<br/>@BHA 0 F","339.5","9.99","96%","+1%"
"*05ylj*","Bruno Guimaraes","NEW","M","34","FA","NEW 0<br/>@FUL 2 F","336.5","11.6","100%","0%"
"*0639x*","Marcus Tavernier","BOU","M","35","FA","BOU 1<br/>@NOT 1 F","335.75","9.88","100%","0%"
"*06v0p*","Enzo Le Fee","SUN","M","36","FA","CHE 1<br/>@SUN 2 F","331.5","9.21","99%","0%"
"*05ocl*","Ollie Watkins","AVL","F","37","FA","AVL 2<br/>@MCI 1 F","331.25","8.95","100%","0%"
"*067yv*","Cody Gakpo","LIV","F","38","FA","BRF 1<br/>@LIV 1 F","328.25","9.12","100%","0%"
"*06znb*","Robin Roefs","SUN","G","39","FA","CHE 1<br/>@SUN 2 F","328.25","9.38","94%","-1%"
"*06dmj*","Jurrien Timber","ARS","D","40","FA","ARS 2<br/>@CRY 1 F","324.75","10.82","99%","+1%"
"*049tq*","Dominic Calvert-Lewin","LEE","F","41","FA","LEE 0<br/>@WHU 3 F","324.5","9.27","97%","+1%"
"*0700p*","Malick Thiaw","NEW","D","42","FA","NEW 0<br/>@FUL 2 F","321.5","9.19","94%","+1%"
"*06jgi*","Daniel Munoz","CRY","D","43","FA","ARS 2<br/>@CRY 1 F","319.75","11.03","100%","0%"
"*05trb*","Bryan Mbeumo","MUN","F","44","FA","MUN 3<br/>@BHA 0 F","319.5","9.68","100%","0%"
"*045ob*","Caoimhin Kelleher","BRF","G","45","FA","BRF 1<br/>@LIV 1 F","314.75","8.51","93%","-2%"
"*06rgg*","Michael Kayode","BRF","D","46","FA","BRF 1<br/>@LIV 1 F","309.5","8.36","91%","-1%"
"*068lx*","Dango Ouattara","BOU/BRF","M","47","FA","BRF 1<br/>@LIV 1 F","306.75","9.59","99%","0%"
"*0635j*","Chris Richards","CRY","D","48","FA","ARS 2<br/>@CRY 1 F","306.5","9.29","92%","+1%"
"*05akv*","Tyrick Mitchell","CRY","D","49","FA","ARS 2<br/>@CRY 1 F","305","8.03","78%","-3%"
"*05220*","Sepp van den Berg","BRF","D","50","FA","BRF 1<br/>@LIV 1 F","305","9.53","69%","-17%"
"*0327r*","Michael Keane","EVE","D","51","FA","EVE 0<br/>@TOT 1 F","303.25","9.19","11%","-6%"
"*0700t*","Omar Alderete","SUN","D","52","FA","CHE 1<br/>@SUN 2 F","302.25","9.16","83%","-6%"
"*062oh*","Jake O'Brien","EVE","D","53","FA","EVE 0<br/>@TOT 1 F","301.5","8.15","32%","-12%"
"*06v21*","Florian Wirtz","LIV","M","54","FA","BRF 1<br/>@LIV 1 F","300.75","9.11","100%","0%"
"*05r94*","Iliman Ndiaye","EVE","M","55","FA","EVE 0<br/>@TOT 1 F","299.25","9.35","99%","0%"
"*06fxe*","Ryan Gravenberch","LIV","M","56","FA","BRF 1<br/>@LIV 1 F","298.75","8.3","97%","-1%"
"*05u7f*","Ibrahima Konate","LIV","D","57","FA","BRF 1<br/>@LIV 1 F","297","8.25","100%","0%"
"*061vb*","James Hill","BOU","D","58","FA","BOU 1<br/>@NOT 1 F","296.5","10.22","96%","0%"
"*056iy*","Pedro Neto","CHE","F","59","FA","CHE 1<br/>@SUN 2 F","292.25","8.6","100%","0%"
"*04qfz*","Diogo Dalot","MUN","D","60","FA","MUN 3<br/>@BHA 0 F","292","8.59","79%","-3%"
"*061vk*","Jaidon Anthony","BUR","F","61","FA","WOL 1<br/>@BUR 1 F","291.25","7.87","80%","-1%"
"*05u1m*","Nathan Collins","BRF","D","62","FA","BRF 1<br/>@LIV 1 F","291","8.31","63%","-10%"
"*06fuw*","Djordje Petrovic","BOU","G","63","FA","BOU 1<br/>@NOT 1 F","289.5","7.62","90%","-5%"
"*05gcc*","Kiernan Dewsbury-Hall","EVE","M","64","FA","EVE 0<br/>@TOT 1 F","289","9.32","100%","0%"
"*04abb*","Phil Foden","MCI","M","65","FA","AVL 2<br/>@MCI 1 F","288.5","8.74","99%","0%"
"*06pe1*","Mateus Fernandes","SOU/WHU","M","66","FA","LEE 0<br/>@WHU 3 F","287.5","7.99","97%","+3%"
"*05nns*","Danny Ballard","SUN","D","67","FA","CHE 1<br/>@SUN 2 F","287.25","9.91","94%","+2%"
"*051k7*","Reece James","CHE","D","68","FA","CHE 1<br/>@SUN 2 F","286.75","9.89","100%","0%"
"*02lz0*","Emiliano Martinez","AVL","G","69","FA","AVL 2<br/>@MCI 1 F","286.75","8.96","78%","-5%"
"*06cmu*","Bart Verbruggen","BHA","G","70","FA","MUN 3<br/>@BHA 0 F","286","7.53","25%","-3%"
"*03yww*","Dean Henderson","CRY","G","71","FA","ARS 2<br/>@CRY 1 F","285.5","7.72","54%","+1%"
"*067zv*","Kevin Schade","BRF","F","72","FA","BRF 1<br/>@LIV 1 F","283","8.09","97%","-3%"
"*05tqx*","David Raya","ARS","G","73","FA","ARS 2<br/>@CRY 1 F","282.25","7.63","97%","+2%"
"*04lav*","Ethan Ampadu","LEE","D","74","FA","LEE 0<br/>@WHU 3 F","281.75","8.05","74%","-10%"
"*05raa*","Hugo Bueno","WOL","D","75","FA","WOL 1<br/>@BUR 1 F","280.75","8.02","-","-"
"*06v0g*","Trai Hume","SUN","D","76","FA","CHE 1<br/>@SUN 2 F","280.25","7.38","73%","-8%"
"*067x8*","Nico O'Reilly","MCI","M","77","FA","AVL 2<br/>@MCI 1 F","276.5","8.13","99%","+1%"
"*05o4b*","Matty Cash","AVL","D","78","FA","AVL 2<br/>@MCI 1 F","275.5","7.87","83%","-1%"
"*05w9i*","Marc Cucurella","CHE","D","79","FA","CHE 1<br/>@SUN 2 F","275.25","8.1","100%","0%"
"*05r34*","Amad Diallo","MUN","M","80","FA","MUN 3<br/>@BHA 0 F","274.25","8.57","99%","-1%"
"*04qrc*","Raul Jimenez","FUL","F","81","FA","NEW 0<br/>@FUL 2 F","273","7.58","100%","0%"
"*06f8y*","Alex Scott","BOU","M","82","FA","BOU 1<br/>@NOT 1 F","272.75","7.37","95%","0%"
"*04io4*","Richarlison","TOT","F","83","FA","EVE 0<br/>@TOT 1 F","272.75","8.52","69%","-9%"
"*04ml6*","Konstantinos Mavropanos","WHU","D","84","FA","LEE 0<br/>@WHU 3 F","272.5","8.79","0%","0%"
"*04yme*","Robert Sanchez","CHE","G","85","FA","CHE 1<br/>@SUN 2 F","270","7.71","21%","-8%"
"*070hs*","Gianluigi Donnarumma","MCI","G","86","FA","AVL 2<br/>@MCI 1 F","269.75","7.93","90%","0%"
"*04mup*","Trevoh Chalobah","CHE","D","87","FA","CHE 1<br/>@SUN 2 F","266","7.82","9%","-5%"
"*05mzz*","Pascal Struijk","LEE","D","88","FA","LEE 0<br/>@WHU 3 F","265.75","7.82","73%","-7%"
"*03aqp*","Mohamed Salah","LIV","F","91","FA","BRF 1<br/>@LIV 1 F","264.75","9.81","100%","0%"
"*063q8*","Mikkel Damsgaard","BRF","M","89","FA","BRF 1<br/>@LIV 1 F","264.75","8.02","97%","+1%"
"*04mr4*","Martin Dubravka","BUR","G","90","FA","WOL 1<br/>@BUR 1 F","264.75","7.56","3%","0%"
"*06rlj*","Patrick Dorgu","MUN","D","92","FA","MUN 3<br/>@BHA 0 F","264","10.15","98%","+1%"
"*06zbz*","Hugo Ekitike","LIV","F","93","FA","BRF 1<br/>@LIV 1 F","263.25","9.4","58%","-1%"
"*0435m*","Granit Xhaka","SUN","M","96","FA","CHE 1<br/>@SUN 2 F","262.75","7.73","94%","+1%"
"*0558w*","William Saliba","ARS","D","94","FA","ARS 2<br/>@CRY 1 F","262.75","8.48","56%","0%"
"*02oq6*","Luke Shaw","MUN","D","95","FA","MUN 3<br/>@BHA 0 F","262.75","6.91","28%","+1%"
"*04qor*","Bernd Leno","FUL","G","97","FA","NEW 0<br/>@FUL 2 F","262.25","6.9","21%","-3%"
"*032f9*","Jordan Pickford","EVE","G","98","FA","EVE 0<br/>@TOT 1 F","259","6.82","94%","0%"
"*06ymu*","El Hadji Malick Diouf","WHU","M","99","FA","LEE 0<br/>@WHU 3 F","257","8.03","0%","0%"
"*06phe*","Ferdi Kadioglu","BHA","D","100","FA","MUN 3<br/>@BHA 0 F","255.25","6.9","72%","-13%"
"*06y9z*","Martin Zubimendi","ARS","M","101","FA","ARS 2<br/>@CRY 1 F","254","6.68","25%","+2%"
"*061vp*","Brenden Aaronson","LEE","M","102","FA","LEE 0<br/>@WHU 3 F","253.25","6.84","38%","-12%"
"*0520r*","Leandro Trossard","ARS","M","103","FA","ARS 2<br/>@CRY 1 F","252","8.13","100%","0%"
"*05r8o*","Jean-Philippe Mateta","CRY","F","104","FA","ARS 2<br/>@CRY 1 F","248.5","7.77","99%","0%"
"*06p6j*","Evanilson","BOU","F","105","FA","BOU 1<br/>@NOT 1 F","248.25","6.9","89%","-4%"
"*044ei*","Nick Pope","NEW","G","106","FA","NEW 0<br/>@FUL 2 F","247.75","9.18","61%","-3%"
"*05rl4*","Crysencio Summerville","WHU","M","107","FA","LEE 0<br/>@WHU 3 F","247.5","7.98","0%","0%"
"*04tm0*","Lucas Digne","AVL","D","108","FA","AVL 2<br/>@MCI 1 F","244.75","7.9","10%","-4%"
"*06jgs*","Adam Wharton","CRY","M","109","FA","ARS 2<br/>@CRY 1 F","243","7.15","86%","-5%"
"*02lnx*","Danny Welbeck","BHA","F","110","FA","MUN 3<br/>@BHA 0 F","242","6.54","72%","-15%"
"*05os8*","Joachim Andersen","FUL","D","111","FA","NEW 0<br/>@FUL 2 F","240.75","7.3","38%","-12%"
"*038ze*","Alex Iwobi","FUL","M","112","FA","NEW 0<br/>@FUL 2 F","239","8.24","99%","0%"
"*06nu7*","Riccardo Calafiori","ARS","D","113","FA","ARS 2<br/>@CRY 1 F","237.5","9.13","98%","+2%"
"*03yqz*","Joe Rodon","LEE","D","114","FA","LEE 0<br/>@WHU 3 F","235.25","6.72","9%","-3%"
"*06mw0*","Nikola Milenkovic","NOT","D","115","FA","BOU 1<br/>@NOT 1 F","234.5","6.17","37%","+2%"
"*04tsb*","Viktor Gyokeres","ARS","F","116","FA","ARS 2<br/>@CRY 1 F","232.25","6.45","100%","0%"
"*06zxy*","Benjamin Sesko","MUN","F","117","FA","MUN 3<br/>@BHA 0 F","231.75","7.72","97%","+1%"
"*04f6h*","Matz Sels","NOT","G","118","FA","BOU 1<br/>@NOT 1 F","231.5","7.47","35%","-2%"
"*05omu*","Ruben Dias","MCI","D","119","FA","AVL 2<br/>@MCI 1 F","229.75","8.84","36%","-6%"
"*02lsa*","Dan Burn","NEW","D","120","FA","NEW 0<br/>@FUL 2 F","229","7.9","17%","-4%"
"*062a9*","Sven Botman","NEW","D","121","FA","NEW 0<br/>@FUL 2 F","228.75","9.15","91%","-5%"
"*05l8q*","Cole Palmer","CHE","M","122","FA","CHE 1<br/>@SUN 2 F","228.5","8.79","100%","0%"
"*06xza*","Eli Kroupi","BOU","F","123","FA","BOU 1<br/>@NOT 1 F","228.25","6.92","94%","-3%"
"*051k0*","John McGinn","AVL","M","124","FA","AVL 2<br/>@MCI 1 F","228.25","7.61","91%","-4%"
"*06r5b*","Diego Gomez","BHA","M","125","FA","MUN 3<br/>@BHA 0 F","227","7.09","86%","-3%"
"*04mdn*","Anthony Gordon","NEW","M","126","FA","NEW 0<br/>@FUL 2 F","225.25","8.66","100%","0%"
"*05o8o*","Jayden Bogle","LEE","D","127","FA","LEE 0<br/>@WHU 3 F","224.25","6.6","9%","-2%"
"*04e1c*","Lewis Dunk","BHA","D","128","FA","MUN 3<br/>@BHA 0 F","224","6.79","9%","+1%"
"*05ybq*","Vitalii Mykolenko","EVE","D","129","FA","EVE 0<br/>@TOT 1 F","223.75","6.78","30%","-10%"
"*070hl*","Senne Lammens","MUN","G","130","FA","MUN 3<br/>@BHA 0 F","223.5","6.98","69%","+2%"
"*05uoc*","Cristian Romero","TOT","D","131","FA","EVE 0<br/>@TOT 1 F","223.5","9.72","17%","-11%"
"*06v51*","Jaka Bijol","LEE","D","132","FA","LEE 0<br/>@WHU 3 F","223","8.92","63%","-16%"
"*04fk6*","Bernardo Silva","MCI","M","135","FA","AVL 2<br/>@MCI 1 F","222.5","5.86","100%","0%"
"*070cj*","Noah Okafor","LEE","F","134","FA","LEE 0<br/>@WHU 3 F","222.5","7.95","86%","-8%"
"*06y9o*","Igor Jesus","NOT","F","133","FA","BOU 1<br/>@NOT 1 F","222.5","6.01","83%","+3%"
"*062dt*","Joao Palhinha","TOT","M","136","FA","EVE 0<br/>@TOT 1 F","221.5","6.71","100%","0%"
"*05y9n*","Lewis Hall","NEW","D","137","FA","NEW 0<br/>@FUL 2 F","221.25","7.38","99%","+1%"
"*04fk1*","Pascal Gross","BHA","M","138","FA","MUN 3<br/>@BHA 0 F","216.5","11.39","96%","+3%"
"*05ubv*","Omari Hutchinson","IPS/NOT","F","139","FA","BOU 1<br/>@NOT 1 F","216","6.97","66%","-11%"
"*06uzo*","Zian Flemming","BUR","M","140","FA","WOL 1<br/>@BUR 1 F","215.75","7.44","0%","0%"
"*05nt6*","Eberechi Eze","CRY/ARS","M","141","FA","ARS 2<br/>@CRY 1 F","214.5","6.5","99%","+1%"
"*05748*","Ismaila Sarr","CRY","M","142","FA","ARS 2<br/>@CRY 1 F","214.5","7.66","99%","0%"
"*05tr9*","Mathias Jensen","BRF","M","143","FA","BRF 1<br/>@LIV 1 F","213","5.92","54%","-12%"
"*04mi4*","Callum Hudson-Odoi","NOT","F","144","FA","BOU 1<br/>@NOT 1 F","212","7.07","56%","-11%"
"*0521z*","James Justin","LEI/LEE","D","145","FA","LEE 0<br/>@WHU 3 F","211.5","7.29","51%","-15%"
"*068yd*","Joao Gomes","WOL","M","146","FA","WOL 1<br/>@BUR 1 F","211.25","6.04","28%","+2%"
"*05gcp*","Tomas Soucek","WHU","M","147","FA","LEE 0<br/>@WHU 3 F","210.75","6.02","0%","0%"
"*06ezb*","Micky van de Ven","TOT","D","148","FA","EVE 0<br/>@TOT 1 F","208.5","5.96","31%","+5%"
"*0522h*","Alexis Mac Allister","LIV","M","150","FA","BRF 1<br/>@LIV 1 F","206.75","5.59","85%","-5%"
"*06clz*","Malo Gusto","CHE","D","149","FA","CHE 1<br/>@SUN 2 F","206.75","6.08","22%","-8%"
"*06cmb*","Guglielmo Vicario","TOT","G","151","FA","EVE 0<br/>@TOT 1 F","206.25","6.65","8%","-5%"
"*06fvn*","Beto","EVE","F","152","FA","EVE 0<br/>@TOT 1 F","204.75","5.53","86%","-5%"
"*06fwx*","Santiago Bueno","WOL","D","153","FA","WOL 1<br/>@BUR 1 F","202.5","6.98","0%","0%"
"*05rb8*","Moises Caicedo","CHE","M","154","FA","CHE 1<br/>@SUN 2 F","202","6.12","78%","-8%"
"*06do9*","Milos Kerkez","LIV","D","155","FA","BRF 1<br/>@LIV 1 F","201.25","5.92","99%","+1%"
"*070f9*","Yeremy Pino","CRY","M","156","FA","ARS 2<br/>@CRY 1 F","201.25","5.92","89%","-4%"
"*04yo7*","Youri Tielemans","AVL","M","158","FA","AVL 2<br/>@MCI 1 F","200.75","8.03","100%","0%"
"*06ybp*","Thierno Barry","EVE","F","157","FA","EVE 0<br/>@TOT 1 F","200.75","5.28","14%","-2%"
"*06mpp*","Mats Wieffer","BHA","M","159","FA","MUN 3<br/>@BHA 0 F","198.75","7.64","92%","+1%"
"*070f4*","Ladislav Krejci","WOL","D","160","FA","WOL 1<br/>@BUR 1 F","196.25","7.01","0%","0%"
"*051kl*","Emiliano Buendia","AVL","M","161","FA","AVL 2<br/>@MCI 1 F","196","5.44","81%","-8%"
"*02lm7*","Jack Grealish","EVE","M","162","FA","EVE 0<br/>@TOT 1 F","195.75","9.79","90%","-2%"
"*070g7*","Nick Woltemade","NEW","F","163","FA","NEW 0<br/>@FUL 2 F","194.75","5.9","93%","-2%"
"*06y9m*","Maxim De Cuyper","BHA","D","164","FA","MUN 3<br/>@BHA 0 F","194.5","6.48","74%","-9%"
"*06rpm*","Mateus Mane","WOL","F","165","FA","WOL 1<br/>@BUR 1 F","194","7.19","0%","0%"
"*04abn*","Harvey Barnes","NEW","M","166","FA","NEW 0<br/>@FUL 2 F","192.5","5.2","95%","-3%"
"*06cms*","Sandro Tonali","NEW","M","167","FA","NEW 0<br/>@FUL 2 F","192.25","5.49","96%","+1%"
"*06fv8*","Mohammed Kudus","TOT","M","168","FA","EVE 0<br/>@TOT 1 F","192","10.11","99%","0%"
"*05opl*","Wesley Fofana","CHE","D","169","FA","CHE 1<br/>@SUN 2 F","190.75","7.63","10%","-7%"
"*070hq*","Piero Hincapie","ARS","D","170","FA","ARS 2<br/>@CRY 1 F","189.5","7.58","83%","-3%"
"*070fa*","Xavi Simons","TOT","M","171","FA","EVE 0<br/>@TOT 1 F","189.5","6.77","10%","-3%"
"*070gu*","Alex Jimenez","BOU","D","172","FA","BOU 1<br/>@NOT 1 F","189.25","6.1","100%","0%"
"*062p3*","Keane Lewis-Potter","BRF","M","173","FA","BRF 1<br/>@LIV 1 F","186.75","5.19","42%","-12%"
"*0554g*","Calvin Bassey","FUL","D","174","FA","NEW 0<br/>@FUL 2 F","184.25","6.14","10%","-3%"
"*06rm8*","Mathys Tel","TOT","F","175","FA","EVE 0<br/>@TOT 1 F","184","5.94","93%","-1%"
"*03gu4*","Harry Maguire","MUN","D","176","FA","MUN 3<br/>@BHA 0 F","183.75","7.99","85%","0%"
"*066r9*","Ehor Yarmolyuk","BRF","M","177","FA","BRF 1<br/>@LIV 1 F","182.25","4.93","6%","-2%"
"*06yb7*","Gabriel Gudmundsson","LEE","D","178","FA","LEE 0<br/>@WHU 3 F","181.75","5.68","5%","0%"
"*068yc*","Yasin Ayari","BHA","M","179","FA","MUN 3<br/>@BHA 0 F","181","6.24","49%","-2%"
"*04qfm*","Ryan Sessegnon","FUL","M","180","FA","NEW 0<br/>@FUL 2 F","180.5","6.69","12%","-2%"
"*05oeh*","Kenny Tete","FUL","D","181","FA","NEW 0<br/>@FUL 2 F","180","8.18","22%","-7%"
"*05gcs*","Sander Berge","FUL","M","182","FA","NEW 0<br/>@FUL 2 F","179.5","5.13","9%","-3%"
"*03am7*","Jacob Murphy","NEW","M","183","FA","NEW 0<br/>@FUL 2 F","179.25","5.43","21%","-10%"
"*06jgr*","Maxime Esteve","BUR","D","184","FA","WOL 1<br/>@BUR 1 F","178.75","5.26","0%","-"
"*0689w*","Georginio Rutter","BHA","F","185","FA","MUN 3<br/>@BHA 0 F","177.5","5.55","22%","+6%"
"*05udg*","Jose Sa","WOL","G","186","FA","WOL 1<br/>@BUR 1 F","175.75","7.64","0%","0%"
"*05r9b*","Martin Odegaard","ARS","M","187","FA","ARS 2<br/>@CRY 1 F","175.5","7.31","100%","0%"
"*03rzp*","Antonee Robinson","FUL","D","188","FA","NEW 0<br/>@FUL 2 F","174.25","7.92","98%","+1%"
"*05o4c*","Timothy Castagne","FUL","D","189","FA","NEW 0<br/>@FUL 2 F","173.25","5.78","4%","-2%"
"*062ci*","Kaoru Mitoma","BHA","M","190","FA","MUN 3<br/>@BHA 0 F","172.25","6.89","95%","-2%"
"*068yt*","Sasa Lukic","FUL","M","191","FA","NEW 0<br/>@FUL 2 F","171","6.58","20%","-8%"
"*05uel*","Kristoffer Ajer","BRF","D","192","FA","BRF 1<br/>@LIV 1 F","170.75","6.32","4%","-1%"
"*04sjt*","Alisson Becker","LIV","G","193","FA","BRF 1<br/>@LIV 1 F","170.25","6.55","50%","-1%"
"*06fwz*","Murillo","NOT","D","194","FA","BOU 1<br/>@NOT 1 F","169","6.76","28%","-2%"
"*0554i*","Joelinton","NEW","M","195","FA","NEW 0<br/>@FUL 2 F","168.5","6.24","17%","-4%"
"*0647t*","Lucas Paqueta","WHU","M","197","FA","LEE 0<br/>@WHU 3 F","167.75","9.32","0%","0%"
"*070hd*","Tolu Arokodare","WOL","F","196","FA","WOL 1<br/>@BUR 1 F","167.75","5.08","-","-"
"*06v06*","Tijjani Reijnders","MCI","M","198","FA","AVL 2<br/>@MCI 1 F","167.5","5.98","35%","-4%"
"*03pif*","Karl Darlow","LEE","G","199","FA","LEE 0<br/>@WHU 3 F","167.25","7.6","4%","0%"
"*062ts*","Djed Spence","TOT","D","200","FA","EVE 0<br/>@TOT 1 F","165.5","5.52","54%","-6%"
"*06mga*","Mads Hermansen","WHU","G","201","FA","LEE 0<br/>@WHU 3 F","165","9.17","0%","0%"
"*04adp*","Aaron Wan-Bissaka","WHU","D","202","FA","LEE 0<br/>@WHU 3 F","165","6.6","0%","0%"
"*052cb*","Ian Maatsen","AVL","D","203","FA","AVL 2<br/>@MCI 1 F","164.5","5.48","64%","-5%"
"*06fxu*","Ibrahim Sangare","NOT","M","204","FA","BOU 1<br/>@NOT 1 F","164.5","5.88","7%","-1%"
"*06v6n*","Quilindschy Hartman","BUR","D","205","FA","WOL 1<br/>@BUR 1 F","163.5","7.79","-","-"
"*070hc*","Brian Brobbey","SUN","F","206","FA","CHE 1<br/>@SUN 2 F","162.75","5.25","94%","-1%"
"*067ys*","Jack Hinshelwood","BHA","M","207","FA","MUN 3<br/>@BHA 0 F","162.75","6.03","62%","-10%"
"*070ha*","Florentino","BUR","M","208","FA","WOL 1<br/>@BUR 1 F","161.5","5.21","0%","-"
"*06eo0*","Lesley Ugochukwu","BUR","M","209","FA","WOL 1<br/>@BUR 1 F","160.5","4.59","-","-"
"*05oef*","Alphonse Areola","WHU","G","210","FA","LEE 0<br/>@WHU 3 F","160.25","8.01","0%","0%"
"*06yb9*","Reinildo","SUN","D","211","FA","CHE 1<br/>@SUN 2 F","159.75","6.39","5%","0%"
"*06ex4*","Josko Gvardiol","MCI","D","212","FA","AVL 2<br/>@MCI 1 F","159.25","8.85","100%","0%"
"*052ca*","Ezri Konsa","AVL","D","213","FA","AVL 2<br/>@MCI 1 F","158.5","4.66","23%","+2%"
"*05ts6*","Yerson Mosquera","WOL","D","214","FA","WOL 1<br/>@BUR 1 F","157.75","5.84","-","-"
"*05ylw*","Rodrigo Bentancur","TOT","M","215","FA","EVE 0<br/>@TOT 1 F","157","6.04","4%","0%"
"*03frx*","Ola Aina","NOT","D","216","FA","BOU 1<br/>@NOT 1 F","156.25","8.68","38%","+10%"
"*063hu*","Amadou Onana","AVL","M","217","FA","AVL 2<br/>@MCI 1 F","156.25","6.25","4%","0%"
"*068n8*","Noni Madueke","ARS","M","218","FA","ARS 2<br/>@CRY 1 F","155.5","5.98","78%","-10%"
"*06ab3*","Lewis Miley","NEW","M","219","FA","NEW 0<br/>@FUL 2 F","155.5","6.76","31%","-8%"
"*06y59*","Noah Sadiki","SUN","M","221","FA","CHE 1<br/>@SUN 2 F","155","4.7","9%","-4%"
"*057cr*","Kevin Danso","TOT","D","220","FA","EVE 0<br/>@TOT 1 F","155","6.46","3%","0%"
"*04o82*","Curtis Jones","LIV","M","222","FA","BRF 1<br/>@LIV 1 F","154.25","4.54","5%","-1%"
"*05tre*","Vitaly Janelt","BRF","M","223","FA","BRF 1<br/>@LIV 1 F","154","6.16","9%","-5%"
"*05w7t*","Pape Sarr","TOT","M","224","FA","EVE 0<br/>@TOT 1 F","153.25","5.89","6%","+1%"
"*02lp9*","Kyle Walker","BUR","D","225","FA","WOL 1<br/>@BUR 1 F","151.5","4.21","0%","0%"
"*04tzt*","Jefferson Lerma","CRY","M","226","FA","ARS 2<br/>@CRY 1 F","151.25","4.88","3%","0%"
"*070hk*","Samuel Chukwueze","FUL","F","227","FA","NEW 0<br/>@FUL 2 F","149.5","6.5","100%","0%"
"*072jf*","Valentin Castellanos","WHU","F","228","FA","LEE 0<br/>@WHU 3 F","149.25","8.29","0%","0%"
"*04sat*","Emile Smith Rowe","FUL","M","229","FA","NEW 0<br/>@FUL 2 F","146.5","3.96","12%","-1%"
"*03rxa*","Idrissa Gueye","EVE","M","230","FA","EVE 0<br/>@TOT 1 F","146","5.84","9%","-3%"
"*070hj*","Kevin","FUL","F","231","FA","NEW 0<br/>@FUL 2 F","144.5","5.56","54%","-2%"
"*0666p*","Kobbie Mainoo","MUN","M","232","FA","MUN 3<br/>@BHA 0 F","144.25","5.15","71%","-6%"
"*072wq*","Rayan","BOU","F","233","FA","BOU 1<br/>@NOT 1 F","143.5","9.57","99%","+2%"
"*03r8x*","Callum Wilson","WHU","F","234","FA","LEE 0<br/>@WHU 3 F","142.25","4.45","2%","-1%"
"*0524k*","Rodri","MCI","M","235","FA","AVL 2<br/>@MCI 1 F","141.25","6.73","84%","-5%"
"*04rh9*","David Brooks","BOU","M","236","FA","BOU 1<br/>@NOT 1 F","140.75","4.54","2%","0%"
"*060wh*","Alejandro Garnacho","MUN/CHE","M","237","FA","CHE 1<br/>@SUN 2 F","140","5.83","59%","+5%"
"*03dx3*","Kieran Trippier","NEW","D","238","FA","NEW 0<br/>@FUL 2 F","140","6.67","0%","0%"
"*06mow*","Jorgen Strand Larsen","WOL/CRY","F","239","FA","ARS 2<br/>@CRY 1 F","139","3.86","42%","-11%"
"*06mnc*","Daichi Kamada","CRY","M","240","FA","ARS 2<br/>@CRY 1 F","138.75","4.96","8%","-5%"
"*04ug0*","Sean Longstaff","LEE","M","241","FA","LEE 0<br/>@WHU 3 F","138.75","6.03","3%","-2%"
"*062h7*","Tyler Adams","BOU","M","242","FA","BOU 1<br/>@NOT 1 F","138.5","5.54","21%","-2%"
"*04lnu*","Lukas Nmecha","LEE","F","243","FA","LEE 0<br/>@WHU 3 F","138.25","4.46","8%","-3%"
"*06v05*","Jeremie Frimpong","LIV","D","244","FA","BRF 1<br/>@LIV 1 F","137.75","6.56","97%","+1%"
"*06mx0*","Leny Yoro","MUN","D","245","FA","MUN 3<br/>@BHA 0 F","137.75","4.3","9%","0%"
"*070ci*","Amine Adli","BOU","F","246","FA","BOU 1<br/>@NOT 1 F","136.75","4.41","7%","-2%"
"*05os4*","Rayan Ait-Nouri","MCI","D","247","FA","AVL 2<br/>@MCI 1 F","136.5","8.03","81%","-7%"
"*06pic*","Andre","WOL","M","248","FA","WOL 1<br/>@BUR 1 F","136.5","3.9","0%","0%"
"*04hk9*","Mikel Merino","ARS","M","249","FA","ARS 2<br/>@CRY 1 F","136.25","6.19","23%","-3%"
"*04tig*","Fabian Schar","NEW","D","250","FA","NEW 0<br/>@FUL 2 F","136.25","8.52","8%","-3%"
"*06r9w*","Abdukodir Khusanov","MCI","D","251","FA","AVL 2<br/>@MCI 1 F","136","6.48","27%","0%"
"*061va*","Boubacar Kamara","AVL","M","252","FA","AVL 2<br/>@MCI 1 F","132.5","7.36","31%","-13%"
"*051k3*","Jacob Ramsey","AVL/NEW","M","253","FA","NEW 0<br/>@FUL 2 F","130.5","4.66","16%","-5%"
"*03gu5*","Andrew Robertson","LIV","D","254","FA","BRF 1<br/>@LIV 1 F","129.5","5.4","54%","-1%"
"*02lk5*","Jordan Henderson","BRF","M","255","FA","BRF 1<br/>@LIV 1 F","129.25","4.04","1%","+1%"
"*070bg*","Jackson Tchatchoua","WOL","D","256","FA","WOL 1<br/>@BUR 1 F","128.75","4.15","-","-"
"*03hff*","Josh Cullen","BUR","M","257","FA","WOL 1<br/>@BUR 1 F","128.25","7.12","0%","0%"
"*06uzy*","Ao Tanaka","LEE","M","258","FA","LEE 0<br/>@WHU 3 F","125.75","4.49","4%","-1%"
"*06yxe*","Estevao","CHE","F","259","FA","CHE 1<br/>@SUN 2 F","124.75","5.67","93%","+1%"
"*06rm7*","Nico Gonzalez","MCI","M","260","FA","AVL 2<br/>@MCI 1 F","123","4.92","5%","-1%"
"*06ybq*","Chemsdine Talbi","SUN","F","261","FA","CHE 1<br/>@SUN 2 F","122.25","4.37","7%","-2%"
"*05t6z*","Tim Iroegbunam","EVE","M","262","FA","EVE 0<br/>@TOT 1 F","121.25","4.18","3%","-1%"
"*052h5*","Gabriel Martinelli","ARS","M","263","FA","ARS 2<br/>@CRY 1 F","120.5","4.02","49%","-5%"
"*05t6y*","Hannibal Mejbri","BUR","M","264","FA","WOL 1<br/>@BUR 1 F","120.25","4.45","0%","0%"
"*05t6x*","William Osula","NEW","F","265","FA","NEW 0<br/>@FUL 2 F","120","5","88%","-4%"
"*070hb*","Jaydee Canvot","CRY","D","266","FA","ARS 2<br/>@CRY 1 F","119.25","5.96","17%","+6%"
"*06crm*","Pau Torres","AVL","D","267","FA","AVL 2<br/>@MCI 1 F","119.25","5.68","7%","-2%"
"*06p4k*","Matthijs de Ligt","MUN","D","268","FA","MUN 3<br/>@BHA 0 F","118.5","9.12","11%","-4%"
"*06v0t*","Wilson Isidor","SUN","F","269","FA","CHE 1<br/>@SUN 2 F","117.25","3.66","5%","-1%"
"*070hp*","Randal Kolo Muani","TOT","F","270","FA","EVE 0<br/>@TOT 1 F","114","3.8","0%","0%"
"*05s08*","Valentino Livramento","NEW","D","271","FA","NEW 0<br/>@FUL 2 F","113.25","6.66","20%","-3%"
"*061ya*","Brennan Johnson","TOT/CRY","F","272","FA","ARS 2<br/>@CRY 1 F","112","3.29","10%","-2%"
"*03dyx*","Josh Laurent","BUR","M","273","FA","WOL 1<br/>@BUR 1 F","110.25","3.34","-","-"
"*06jh3*","Joshua King","FUL","M","275","FA","NEW 0<br/>@FUL 2 F","109.5","3.42","6%","-2%"
"*061ve*","Ryan Christie","BOU","M","274","FA","BOU 1<br/>@NOT 1 F","109.5","4.21","3%","+1%"
"*06c4h*","Hjalmar Ekdal","BUR","D","276","FA","WOL 1<br/>@BUR 1 F","108.25","5.7","-","-"
"*05ye7*","Oscar Bobb","MCI/FUL","M","277","FA","NEW 0<br/>@FUL 2 F","107.25","4.66","71%","-7%"
"*02oq8*","James Ward-Prowse","WHU/BUR","M","278","FA","WOL 1<br/>@BUR 1 F","107.25","5.96","0%","0%"
"*066sh*","Bashir Humphreys","BUR","D","279","FA","WOL 1<br/>@BUR 1 F","107","5.35","-","-"
"*06r2g*","Rio Ngumoha","LIV","F","280","FA","BRF 1<br/>@LIV 1 F","105.75","5.57","90%","-1%"
"*06p4j*","Noussair Mazraoui","MUN","D","281","FA","MUN 3<br/>@BHA 0 F","105.5","5.28","7%","-2%"
"*06fhy*","Wilson Odobert","TOT","F","282","FA","EVE 0<br/>@TOT 1 F","105.25","4.39","3%","-1%"
"*04spp*","Douglas Luiz","AVL/NOT","M","283","FA","AVL 2<br/>@MCI 1 F","105","5","100%","0%"
"*06fy7*","Nicolas Dominguez","NOT","M","284","FA","BOU 1<br/>@NOT 1 F","104.25","3.86","6%","-2%"
"*051k8*","Conor Gallagher","CHE/TOT","M","286","FA","EVE 0<br/>@TOT 1 F","103.5","6.47","21%","-1%"
"*02lpf*","Ross Barkley","AVL","M","285","FA","AVL 2<br/>@MCI 1 F","103.5","4.93","7%","-2%"
"*04p0d*","Dwight McNeil","EVE","M","288","FA","EVE 0<br/>@TOT 1 F","103.25","4.69","14%","-7%"
"*070ho*","Lutsharel Geertruida","SUN","D","287","FA","CHE 1<br/>@SUN 2 F","103.25","3.69","0%","0%"
"*06y29*","Habib Diarra","SUN","M","289","FA","CHE 1<br/>@SUN 2 F","101.75","5.09","4%","-1%"
"*06zna*","Dan Ndoye","NOT","F","290","FA","BOU 1<br/>@NOT 1 F","100","4.17","30%","-9%"
"*06y27*","Loum Tchaouna","BUR","F","291","FA","WOL 1<br/>@BUR 1 F","100","3.45","4%","+3%"
"*03zsq*","Kyle Walker-Peters","WHU","D","292","FA","LEE 0<br/>@WHU 3 F","100","4.35","0%","0%"
"*06v01*","Ilia Gruev","LEE","M","293","FA","LEE 0<br/>@WHU 3 F","99.25","4.32","2%","0%"
"*06fwi*","Carlos Baleba","BHA","M","294","FA","MUN 3<br/>@BHA 0 F","99","3.19","8%","-3%"
"*03fgo*","Dominic Solanke","TOT","F","295","FA","EVE 0<br/>@TOT 1 F","98.75","6.58","97%","-1%"
"*04f6o*","Will Hughes","CRY","M","296","FA","ARS 2<br/>@CRY 1 F","98.5","3.18","2%","0%"
"*05y7c*","Archie Gray","TOT","M","297","FA","EVE 0<br/>@TOT 1 F","98","4.08","6%","-2%"
"*06fxv*","Jean-Ricner Bellegarde","WOL","M","298","FA","WOL 1<br/>@BUR 1 F","97.5","3.75","0%","0%"
"*03rec*","Tyrone Mings","AVL","D","299","FA","AVL 2<br/>@MCI 1 F","96.75","5.69","4%","0%"
"*06uzn*","Lucas Pires","BUR","D","300","FA","WOL 1<br/>@BUR 1 F","96.75","4.84","0%","0%"
"*04e1e*","Ben White","ARS","D","301","FA","ARS 2<br/>@CRY 1 F","96.25","8.02","15%","+4%"
"*06rf9*","Omar Marmoush","MCI","F","303","FA","AVL 2<br/>@MCI 1 F","96","4.57","78%","-7%"
"*06c4o*","Lyle Foster","BUR","F","302","FA","WOL 1<br/>@BUR 1 F","96","3.69","0%","0%"
"*062pl*","Lisandro Martinez","MUN","D","304","FA","MUN 3<br/>@BHA 0 F","95.5","5.31","15%","-3%"
"*052cd*","Mason Mount","MUN","M","305","FA","MUN 3<br/>@BHA 0 F","94.25","4.1","9%","0%"
"*044w8*","Marcus Edwards","BUR","F","306","FA","WOL 1<br/>@BUR 1 F","93","4.04","0%","0%"
"*06mvz*","Savio","MCI","M","307","FA","AVL 2<br/>@MCI 1 F","92","3.83","89%","-1%"
"*05w91*","Hwang Hee-Chan","WOL","F","308","FA","WOL 1<br/>@BUR 1 F","91.5","3.52","0%","0%"
"*05mxa*","Joel Veltman","BHA","D","309","FA","MUN 3<br/>@BHA 0 F","91","3.79","0%","0%"
"*06pig*","Morato","NOT","D","311","FA","BOU 1<br/>@NOT 1 F","90.75","4.32","2%","+1%"
"*05tqz*","Rico Henry","BRF","D","310","FA","BRF 1<br/>@LIV 1 F","90.75","3.63","2%","0%"
"*02lp5*","Adam Smith","BOU","D","312","FA","BOU 1<br/>@NOT 1 F","89.5","4.07","3%","0%"
"*06mn8*","Rodrigo Gomes","WOL","M","313","FA","WOL 1<br/>@BUR 1 F","88.5","4.02","0%","0%"
"*04ge7*","Donyell Malen","AVL","F","314","FA","AVL 2<br/>@MCI 1 F","88.5","4.21","0%","0%"
"*06clt*","Justin Kluivert","BOU","M","315","FA","BOU 1<br/>@NOT 1 F","87","4.35","65%","+6%"
"*04yey*","Max Kilman","WHU","D","316","FA","LEE 0<br/>@WHU 3 F","86.25","4.11","0%","0%"
"*06y26*","Olivier Boscagli","BHA","D","317","FA","MUN 3<br/>@BHA 0 F","86","7.17","4%","0%"
"*05uhj*","Conor Bradley","LIV","D","318","FA","BRF 1<br/>@LIV 1 F","85.75","5.72","6%","-1%"
"*0700u*","Bafode Diakite","BOU","D","319","FA","BOU 1<br/>@NOT 1 F","85.25","4.74","7%","-5%"
"*06ew2*","Axel Disasi","CHE/WHU","D","320","FA","LEE 0<br/>@WHU 3 F","84.75","6.05","3%","0%"
"*043qy*","Lewis Cook","BOU","M","321","FA","BOU 1<br/>@NOT 1 F","84.5","4.69","3%","-1%"
"*04ge6*","Joe Willock","NEW","M","322","FA","NEW 0<br/>@FUL 2 F","84.5","3.52","3%","-1%"
"*05l27*","Jarrad Branthwaite","EVE","D","323","FA","EVE 0<br/>@TOT 1 F","84.25","8.43","73%","-7%"
"*04gw7*","Jadon Sancho","MUN/AVL","M","324","FA","AVL 2<br/>@MCI 1 F","84.25","3.66","0%","0%"
"*061vn*","Rodrigo Muniz","FUL","F","325","FA","NEW 0<br/>@FUL 2 F","84","4","90%","+2%"
"*06mn7*","Lucas Bergvall","TOT","M","326","FA","EVE 0<br/>@TOT 1 F","83.75","3.64","8%","-2%"
"*070g8*","Nicolo Savona","NOT","D","327","FA","BOU 1<br/>@NOT 1 F","82.25","5.88","1%","0%"
"*06xzd*","Charalampos Kostoulas","BHA","F","330","FA","MUN 3<br/>@BHA 0 F","82","3.9","12%","+1%"
"*04rzl*","Taiwo Awoniyi","NOT","F","328","FA","BOU 1<br/>@NOT 1 F","82","4.82","3%","0%"
"*06p5s*","Brajan Gruda","BHA","M","329","FA","MUN 3<br/>@BHA 0 F","82","4.56","0%","0%"
"*06zbm*","Cristhian Mosquera","ARS","D","332","FA","ARS 2<br/>@CRY 1 F","81.75","4.09","38%","+8%"
"*06zce*","Jhon Arias","WOL","M","331","FA","WOL 1<br/>@BUR 1 F","81.75","3.55","-","-"
"*05ogb*","Anthony Elanga","NEW","F","333","FA","NEW 0<br/>@FUL 2 F","81","2.53","50%","-3%"
"*06rma*","Marshall Munetsi","WOL","M","334","FA","WOL 1<br/>@BUR 1 F","81","6.23","0%","0%"
"*06onx*","Jean-Clair Todibo","WHU","D","335","FA","LEE 0<br/>@WHU 3 F","81","3.52","-","-"
"*05o6h*","Kai Havertz","ARS","F","336","FA","ARS 2<br/>@CRY 1 F","80.5","6.71","98%","-1%"
"*06mve*","Joshua Zirkzee","MUN","F","337","FA","MUN 3<br/>@BHA 0 F","80.25","3.34","4%","-1%"
"*068a0*","Andrey Santos","CHE","M","338","FA","CHE 1<br/>@SUN 2 F","79.5","2.94","21%","-1%"
"*06xzg*","Giorgi Mamardashvili","LIV","G","339","FA","BRF 1<br/>@LIV 1 F","79.25","7.92","7%","-1%"
"*05y5b*","Freddie Potts","WHU","M","340","FA","LEE 0<br/>@WHU 3 F","78.25","3.56","-","-"
"*06zwj*","Evann Guessand","AVL/CRY","F","341","FA","ARS 2<br/>@CRY 1 F","78","3.71","5%","-2%"
"*03yeg*","Tosin Adarabioyo","CHE","D","342","FA","CHE 1<br/>@SUN 2 F","77","4.81","3%","0%"
"*02m5b*","Chris Wood","NOT","F","344","FA","BOU 1<br/>@NOT 1 F","76.25","5.08","66%","-4%"
"*05yg5*","Toti","WOL","D","343","FA","WOL 1<br/>@BUR 1 F","76.25","4.01","0%","0%"
"*04ym7*","Lucas Perri","LEE","G","346","FA","LEE 0<br/>@WHU 3 F","76","4.75","14%","-4%"
"*072j8*","Pablo Felipe Pereira de Jesus","WHU","F","345","FA","LEE 0<br/>@WHU 3 F","76","5.43","0%","0%"
"*06r7k*","Emmanuel Agbadou","WOL","D","347","FA","WOL 1<br/>@BUR 1 F","74.75","5.34","-","-"
"*06nyw*","Jorge Cuenca","FUL","D","348","FA","NEW 0<br/>@FUL 2 F","73.75","4.92","2%","0%"
"*06pib*","Manuel Ugarte","MUN","M","349","FA","MUN 3<br/>@BHA 0 F","73.5","3.34","3%","0%"
"*070g9*","Soungoutou Magassa","WHU","M","350","FA","LEE 0<br/>@WHU 3 F","70","3.18","-","-"
"*03ar4*","Adam Armstrong","SOU/WOL","F","351","FA","WOL 1<br/>@BUR 1 F","69","4.93","-","-"
"*035n1*","Bertrand Traore","AVL/SUN","M","352","FA","CHE 1<br/>@SUN 2 F","68","5.67","0%","0%"
"*06dwm*","Jacob Bruun Larsen","BUR","F","353","FA","WOL 1<br/>@BUR 1 F","67.25","2.4","-","-"
"*02xtd*","Sam Johnstone","WOL","G","354","FA","WOL 1<br/>@BUR 1 F","67","5.58","0%","0%"
"*06v0l*","Chris Rigg","SUN","M","355","FA","CHE 1<br/>@SUN 2 F","66","3.67","5%","-1%"
"*06kqy*","Ayden Heaven","MUN","D","356","FA","MUN 3<br/>@BHA 0 F","65.5","3.85","4%","-3%"
"*06kwp*","Josh Acheampong","CHE","D","357","FA","CHE 1<br/>@SUN 2 F","65","3.82","3%","-2%"
"*02y6o*","Nathan Ake","MCI","D","358","FA","AVL 2<br/>@MCI 1 F","64.5","3.58","0%","0%"
"*063y7*","Destiny Udogie","TOT","D","359","FA","EVE 0<br/>@TOT 1 F","63.25","3.16","9%","0%"
"*045c8*","Gabriel Jesus","ARS","F","361","FA","ARS 2<br/>@CRY 1 F","62.75","4.48","3%","-1%"
"*06zqk*","David Moller Wolfe","WOL","D","360","FA","WOL 1<br/>@BUR 1 F","62.75","2.85","-","-"
"*06zqq*","Jorrel Hato","CHE","D","363","FA","CHE 1<br/>@SUN 2 F","61.75","2.81","41%","-13%"
"*05gvx*","Armando Broja","BUR","F","362","FA","WOL 1<br/>@BUR 1 F","61.75","2.57","0%","0%"
"*04amh*","Aaron Ramsdale","NEW","G","364","FA","NEW 0<br/>@FUL 2 F","61.5","5.12","0%","0%"
"*05oig*","Liam Delap","CHE","F","365","FA","CHE 1<br/>@SUN 2 F","61.25","2.19","12%","-1%"
"*06635*","Oliver Scarles","WHU","D","366","FA","LEE 0<br/>@WHU 3 F","60.5","4.65","-","-"
"*02lv9*","James Milner","BHA","M","367","FA","MUN 3<br/>@BHA 0 F","60.25","3.01","0%","0%"
"*0646f*","Alexander Isak","NEW/LIV","F","368","FA","BRF 1<br/>@LIV 1 F","59.75","4.27","100%","0%"
"*0687c*","Carlos Alcaraz","EVE","M","369","FA","EVE 0<br/>@TOT 1 F","59.25","2.96","7%","-4%"
"*03r93*","Joseph Gomez","LIV","D","370","FA","BRF 1<br/>@LIV 1 F","58.25","2.77","7%","-2%"
"*061y6*","Ryan Yates","NOT","M","373","FA","BOU 1<br/>@NOT 1 F","57.75","2.62","3%","+1%"
"*0328q*","Tom Cairney","FUL","M","371","FA","NEW 0<br/>@FUL 2 F","57.75","2.41","2%","-1%"
"*03xrs*","Axel Tuanzebe","BUR","D","372","FA","WOL 1<br/>@BUR 1 F","57.75","4.12","0%","0%"
"*070hi*","Merlin Rohl","EVE","M","374","FA","EVE 0<br/>@TOT 1 F","57.25","3.58","7%","-5%"
"*06y9n*","Jamie Gittens","CHE","F","376","FA","CHE 1<br/>@SUN 2 F","56.25","3.52","10%","+1%"
"*0626q*","Simon Adingra","SUN","M","375","FA","CHE 1<br/>@SUN 2 F","56.25","4.02","2%","-1%"
"*04ge9*","Eddie Nketiah","CRY","F","378","FA","ARS 2<br/>@CRY 1 F","55","4.58","6%","-2%"
"*064a0*","Wilfried Gnonto","LEE","F","377","FA","LEE 0<br/>@WHU 3 F","55","2.39","3%","-1%"
"*070hn*","Dilane Bakwa","NOT","F","379","FA","BOU 1<br/>@NOT 1 F","54.5","3.89","3%","-1%"
"*04qos*","Issa Diop","FUL","D","380","FA","NEW 0<br/>@FUL 2 F","51.5","3.96","4%","0%"
"*05uns*","Leon Bailey","AVL","M","381","FA","AVL 2<br/>@MCI 1 F","50.5","3.88","7%","-1%"
"*06v0s*","Eliezer Mayenda","SUN","F","382","FA","CHE 1<br/>@SUN 2 F","50.25","2.51","0%","0%"
"*06phw*","Federico Chiesa","LIV","F","383","FA","BRF 1<br/>@LIV 1 F","49.25","1.89","4%","-2%"
"*06kx1*","Justin Devenny","CRY","M","384","FA","ARS 2<br/>@CRY 1 F","48.5","2.31","3%","+1%"
"*03yr0*","Daniel James","LEE","M","385","FA","LEE 0<br/>@WHU 3 F","46.5","2.45","3%","0%"
"*062og*","Aaron Hickey","BRF","D","386","FA","BRF 1<br/>@LIV 1 F","45.25","2.15","2%","0%"
"*06y28*","Sebastiaan Bornauw","LEE","D","387","FA","LEE 0<br/>@WHU 3 F","45","3.75","1%","+1%"
"*02m11*","Matt Doherty","WOL","D","388","FA","WOL 1<br/>@BUR 1 F","44.75","4.07","0%","0%"
"*06mnn*","Chadi Riad","CRY","D","389","FA","ARS 2<br/>@CRY 1 F","43.5","4.83","3%","+3%"
"*061xw*","Joe Worrall","BUR","D","390","FA","WOL 1<br/>@BUR 1 F","43","3.91","-","-"
"*06ime*","Radu Dragusin","TOT","D","391","FA","EVE 0<br/>@TOT 1 F","42.5","4.25","0%","0%"
"*06ymt*","Marco Bizot","AVL","G","392","FA","AVL 2<br/>@MCI 1 F","40.5","5.79","2%","0%"
"*04fk8*","Victor Lindelof","MUN/AVL","D","394","FA","AVL 2<br/>@MCI 1 F","39.5","2.32","0%","0%"
"*04yjx*","Ki-Jana Hoever","WOL","D","393","FA","WOL 1<br/>@BUR 1 F","39.5","4.94","-","-"
"*0410j*","Tammy Abraham","CHE/AVL","F","395","FA","AVL 2<br/>@MCI 1 F","37.75","3.15","6%","+2%"
"*05uor*","Yoane Wissa","BRF/NEW","F","396","FA","NEW 0<br/>@FUL 2 F","37","1.95","79%","-9%"
"*066sd*","Myles Lewis-Skelly","ARS","D","397","FA","ARS 2<br/>@CRY 1 F","36.25","1.81","13%","-1%"
"*05oz3*","James Trafford","MCI","G","398","FA","AVL 2<br/>@MCI 1 F","35.5","8.88","39%","+7%"
"*06r6s*","Antonin Kinsky","TOT","G","400","FA","EVE 0<br/>@TOT 1 F","34.5","4.93","24%","+4%"
"*06zbp*","Max Dowman","ARS","M","399","FA","ARS 2<br/>@CRY 1 F","34.5","5.75","11%","-89%"
"*05r4h*","Lamare Bogarde","AVL","D","401","FA","AVL 2<br/>@MCI 1 F","33.75","1.21","3%","0%"
"*05yct*","Nathan Patterson","EVE","D","402","FA","EVE 0<br/>@TOT 1 F","33.75","4.82","2%","0%"
"*02t1k*","Nathaniel Clyne","CRY","D","403","FA","ARS 2<br/>@CRY 1 F","33","3.3","0%","0%"
"*072zs*","Nilson Angulo","SUN","F","404","FA","CHE 1<br/>@SUN 2 F","32.75","4.09","90%","-1%"
"*070h9*","Veljko Milosavljevic","BOU","D","405","FA","BOU 1<br/>@NOT 1 F","32.75","4.68","3%","0%"
"*05tr1*","Ethan Pinnock","BRF","D","406","FA","BRF 1<br/>@LIV 1 F","31.25","7.81","2%","0%"
"*06o2t*","Niclas Fullkrug","WHU","F","407","FA","LEE 0<br/>@WHU 3 F","31","3.88","0%","0%"
"*06onv*","Harrison Armstrong","EVE","M","408","FA","EVE 0<br/>@TOT 1 F","30","2.31","3%","-2%"
"*06v0m*","Luke O'Nien","SUN","M","410","FA","CHE 1<br/>@SUN 2 F","29.5","2.46","2%","-1%"
"*072zp*","Melker Ellborg","SUN","G","409","FA","CHE 1<br/>@SUN 2 F","29.5","9.83","1%","0%"
"*06xzc*","Stefanos Tzimas","BHA","F","411","FA","MUN 3<br/>@BHA 0 F","28.75","3.19","5%","-1%"
"*062x7*","Rico Lewis","MCI","D","412","FA","AVL 2<br/>@MCI 1 F","28.5","2.59","5%","-2%"
"*04qfq*","Matt O'Riley","BHA","M","414","FA","MUN 3<br/>@BHA 0 F","28","4.67","7%","-2%"
"*04d9r*","Angel Gomes","MUN/WOL","M","413","FA","WOL 1<br/>@BUR 1 F","28","2.33","-","-"
"*02yl5*","John Stones","MCI","D","415","FA","AVL 2<br/>@MCI 1 F","27.75","3.08","0%","0%"
"*02oo1*","Ben Davies","TOT","D","416","FA","EVE 0<br/>@TOT 1 F","27.5","9.17","2%","0%"
"*043c1*","Oleksandr Zinchenko","ARS/NOT","D","417","FA","BOU 1<br/>@NOT 1 F","27.25","5.45","0%","0%"
"*06195*","Tyler Dibling","SOU/EVE","M","419","FA","EVE 0<br/>@TOT 1 F","27","1.93","6%","-2%"
"*06l4i*","Tyrique George","CHE/EVE","F","420","FA","EVE 0<br/>@TOT 1 F","27","1.8","6%","-2%"
"*04sft*","Yves Bissouma","TOT","M","418","FA","EVE 0<br/>@TOT 1 F","27","2.45","0%","0%"
"*06fx0*","Altay Bayindir","MUN","G","421","FA","MUN 3<br/>@BHA 0 F","26.75","4.46","3%","-1%"
"*06ygm*","Jair Cunha","NOT","D","422","FA","BOU 1<br/>@NOT 1 F","26.25","2.92","3%","0%"
"*06v6m*","Max Weiss","BUR","G","423","FA","WOL 1<br/>@BUR 1 F","25.5","8.5","-","-"
"*05uhs*","James Mcatee","MCI/NOT","M","424","FA","BOU 1<br/>@NOT 1 F","23.75","1.7","6%","-1%"
"*06mrz*","Pedro Lima","WOL","D","425","FA","WOL 1<br/>@BUR 1 F","23.5","2.61","-","-"
"*06nv3*","Filip Jorgensen","CHE","G","427","FA","CHE 1<br/>@SUN 2 F","23","4.6","3%","-1%"
"*05g4d*","Dennis Cirkin","SUN","D","426","FA","CHE 1<br/>@SUN 2 F","23","2.88","0%","0%"
"*03sbh*","Enes Unal","BOU","F","428","FA","BOU 1<br/>@NOT 1 F","22.5","0.98","1%","0%"
"*06804*","Benoit Badiashile","CHE","D","429","FA","CHE 1<br/>@SUN 2 F","20.75","2.59","1%","0%"
"*04ge8*","Reiss Nelson","ARS/BRF","F","430","FA","BRF 1<br/>@LIV 1 F","19.5","1.95","2%","-1%"
"*06uzl*","Oliver Sonne","BUR","D","431","FA","WOL 1<br/>@BUR 1 F","19.5","2.79","-","-"
"*072zr*","Luca Netz","NOT","D","433","FA","BOU 1<br/>@NOT 1 F","19.25","2.75","1%","0%"
"*06uyd*","Diego Coppola","BHA","D","432","FA","MUN 3<br/>@BHA 0 F","19.25","3.85","0%","0%"
"*062cw*","Stefan Ortega","MCI/NOT","G","434","FA","BOU 1<br/>@NOT 1 F","19.25","6.42","0%","0%"
"*04spq*","Jack Harrison","LEE","M","435","FA","LEE 0<br/>@WHU 3 F","19","1.73","0%","0%"
"*03u2b*","Adama Traore","FUL/WHU","F","436","FA","LEE 0<br/>@WHU 3 F","19","0.79","0%","0%"
"*037mt*","Harrison Reed","FUL","M","437","FA","NEW 0<br/>@FUL 2 F","18.75","2.68","1%","0%"
"*06mnm*","Marc Guiu","SUN/CHE","F","438","FA","CHE 1<br/>@SUN 2 F","18","1.8","3%","-1%"
"*04u41*","Mateo Kovacic","MCI","M","440","FA","AVL 2<br/>@MCI 1 F","17.5","2.92","3%","-1%"
"*067x6*","Max Alleyne","MCI","D","439","FA","AVL 2<br/>@MCI 1 F","17.5","8.75","1%","-1%"
"*05ue7*","Frank Onyeka","BRF","M","441","FA","BRF 1<br/>@LIV 1 F","17.25","2.88","4%","-1%"
"*062p5*","Levi Colwill","CHE","D","442","FA","CHE 1<br/>@SUN 2 F","17","5.67","75%","-6%"
"*06fso*","Wataru Endo","LIV","M","443","FA","BRF 1<br/>@LIV 1 F","16.75","2.09","2%","-1%"
"*03m5i*","Freddie Woodman","LIV","G","444","FA","BRF 1<br/>@LIV 1 F","16.75","5.58","1%","0%"
"*05unu*","Romeo Lavia","CHE","M","445","FA","CHE 1<br/>@SUN 2 F","16.5","1.38","3%","0%"
"*05udw*","Romaine Mundle","SUN","F","446","FA","CHE 1<br/>@SUN 2 F","16","1.14","1%","0%"
"*072r2*","Lorenzo Lucca","NOT","F","447","FA","BOU 1<br/>@NOT 1 F","15.75","3.94","-","-"
"*066nn*","Ben Doak","LIV/BOU","F","448","FA","BOU 1<br/>@NOT 1 F","15.5","1.94","6%","-4%"
"*06v12*","Fer Lopez","WOL","F","449","FA","WOL 1<br/>@BUR 1 F","15.25","1.69","0%","0%"
"*070hh*","Christantus Uche","CRY","M","450","FA","ARS 2<br/>@CRY 1 F","14.25","1.02","0%","0%"
"*06xze*","Walter Benitez","CRY","G","451","FA","ARS 2<br/>@CRY 1 F","13.25","13.25","1%","0%"
"*05ojf*","Fabio Carvalho","BRF","M","452","FA","BRF 1<br/>@LIV 1 F","13","2.17","2%","-1%"
"*072pc*","Alex Toth","BOU","M","453","FA","BOU 1<br/>@NOT 1 F","13","1.44","1%","-1%"
"*06v02*","Joel Piroe","LEE","F","454","FA","LEE 0<br/>@WHU 3 F","12.25","0.77","2%","0%"
"*06qvu*","Tom Edozie","WOL","F","455","FA","WOL 1<br/>@BUR 1 F","12","4","0%","0%"
"*06qwj*","Ezra Mayers","WHU","D","456","FA","LEE 0<br/>@WHU 3 F","11.5","1.92","-","-"
"*02lo6*","Daniel Bentley","WOL","G","457","FA","WOL 1<br/>@BUR 1 F","11.25","3.75","0%","0%"
"*06kyx*","Andy Irving","WHU","M","458","FA","LEE 0<br/>@WHU 3 F","11","1.57","-","-"
"*06442*","Zach Abbott","NOT","D","459","FA","BOU 1<br/>@NOT 1 F","10.75","3.58","1%","-1%"
"*070gt*","John Victor","NOT","G","460","FA","BOU 1<br/>@NOT 1 F","10","2","1%","-1%"
"*06zbt*","Rio Cardines","CRY","M","461","FA","ARS 2<br/>@CRY 1 F","9","9","1%","-1%"
"*072py*","Souza","TOT","D","462","FA","EVE 0<br/>@TOT 1 F","8.5","2.12","1%","-1%"
"*068yr*","Hamed Traore","BOU","M","463","FA","BOU 1<br/>@NOT 1 F","8.25","8.25","-","-"
"*06yey*","Borna Sosa","CRY","D","465","FA","ARS 2<br/>@CRY 1 F","8","1.14","1%","0%"
"*06xzb*","Romelle Donovan","BRF","M","464","FA","BRF 1<br/>@LIV 1 F","8","2","0%","0%"
"*05tr8*","Christian Norgaard","ARS","M","467","FA","ARS 2<br/>@CRY 1 F","7.5","1.07","7%","+4%"
"*045yy*","Arthur Masuaku","SUN","D","466","FA","CHE 1<br/>@SUN 2 F","7.5","2.5","0%","0%"
"*04u40*","Kepa","ARS","G","468","FA","ARS 2<br/>@CRY 1 F","6.75","6.75","4%","+1%"
"*0703h*","Arnaud Kalimuendo","NOT","F","469","FA","BOU 1<br/>@NOT 1 F","6.75","0.75","2%","0%"
"*067yu*","Facundo Buonanotte","BHA/CHE/LEE","M","470","FA","LEE 0<br/>@WHU 3 F","6.5","1.62","3%","-1%"
"*06mul*","Jack Fletcher","MUN","M","471","FA","MUN 3<br/>@BHA 0 F","6.5","2.17","1%","-1%"
"*065ao*","Ethan Nwaneri","ARS","M","472","FA","ARS 2<br/>@CRY 1 F","6.25","1.04","4%","-2%"
"*0738b*","Jesse Derry","CHE","F","473","FA","CHE 1<br/>@SUN 2 F","6","6","100%","0%"
"*06eka*","Igor Julio","BHA/WHU","D","475","FA","MUN 3<br/>@BHA 0 F","5.5","1.38","3%","0%"
"*02lpl*","Seamus Coleman","EVE","D","474","FA","EVE 0<br/>@TOT 1 F","5.5","1.1","0%","0%"
"*06v0f*","Jenson Seelt","SUN","D","476","FA","CHE 1<br/>@SUN 2 F","5.25","2.62","1%","-1%"
"*04xjr*","Harvey Elliott","LIV/AVL","M","477","FA","AVL 2<br/>@MCI 1 F","4.75","0.95","5%","-2%"
"*03dxr*","Ashley Barnes","BUR","F","478","FA","WOL 1<br/>@BUR 1 F","4","0.57","-","-"
"*06v0c*","Shea Lacey","MUN","F","481","FA","MUN 3<br/>@BHA 0 F","3.5","1.17","4%","-1%"
"*06r9v*","Andres Garcia","AVL","D","479","FA","AVL 2<br/>@MCI 1 F","3.5","0.58","0%","0%"
"*06pez*","Mohamadou Kante","WHU","M","480","FA","LEE 0<br/>@WHU 3 F","3.5","0.32","-","-"
"*06zxx*","Divine Mukasa","MCI","M","485","FA","AVL 2<br/>@MCI 1 F","3","1.5","2%","+2%"
"*072j3*","Alysson Edward","AVL","F","487","FA","AVL 2<br/>@MCI 1 F","3","1","1%","-1%"
"*06mgp*","Luis Guilherme","WHU","M","483","FA","LEE 0<br/>@WHU 3 F","3","0.6","0%","0%"
"*04e1k*","Solly March","BHA","M","484","FA","MUN 3<br/>@BHA 0 F","3","0.75","0%","0%"
"*06dn2*","Zeki Amdouni","BUR","F","482","FA","WOL 1<br/>@BUR 1 F","3","0.75","-","-"
"*06fy5*","Mike Tresor","BUR","F","486","FA","WOL 1<br/>@BUR 1 F","3","0.5","-","-"
"*06s7s*","Harry Howell","BHA","F","488","FA","MUN 3<br/>@BHA 0 F","2.75","0.92","0%","0%"
"*06ewy*","Alex Murphy","NEW","D","490","FA","NEW 0<br/>@FUL 2 F","2.5","1.25","1%","0%"
"*06hcm*","Callum Marshall","WHU","F","489","FA","LEE 0<br/>@WHU 3 F","2.5","1.25","0%","0%"
"*06oav*","Guido Rodriguez","WHU","M","491","FA","LEE 0<br/>@WHU 3 F","2.5","0.42","0%","0%"
"*06uzu*","Mamadou Sarr","CHE","D","492","FA","CHE 1<br/>@SUN 2 F","2.25","0.75","2%","-1%"
"*06y4g*","Antoni Milambo","BRF","M","496","FA","BRF 1<br/>@LIV 1 F","2","2","2%","-1%"
"*072z1*","Jerome Abbey","WOL","M","493","FA","WOL 1<br/>@BUR 1 F","2","2","0%","0%"
"*048xg*","Josh Dasilva","BRF","M","494","FA","BRF 1<br/>@LIV 1 F","2","1","0%","0%"
"*06tf6*","Bendito Mantato","MUN","M","495","FA","MUN 3<br/>@BHA 0 F","2","2","0%","0%"
"*06r9h*","Romain Esse","CRY","M","498","FA","ARS 2<br/>@CRY 1 F","1.5","0.38","4%","-3%"
"*070hr*","Jonah Kusi-Asare","FUL","F","500","FA","NEW 0<br/>@FUL 2 F","1.5","0.21","3%","0%"
"*06hze*","Treymaurice Nyoni","LIV","M","501","FA","BRF 1<br/>@LIV 1 F","1.5","0.25","3%","-1%"
"*072o9*","Jocelin Ta Bi","SUN","F","497","FA","CHE 1<br/>@SUN 2 F","1.5","1.5","1%","-1%"
"*06492*","Sasa Kalajdzic","WOL","F","499","FA","WOL 1<br/>@BUR 1 F","1.5","1.5","-","-"
"*06nvg*","Jota Silva","NOT","F","502","FA","BOU 1<br/>@NOT 1 F","1.25","1.25","0%","0%"
"*06v0j*","Dan Neil","SUN","M","504","FA","CHE 1<br/>@SUN 2 F","1.25","0.42","0%","0%"
"*044i7*","Angus Gunn","NOT","G","503","FA","BOU 1<br/>@NOT 1 F","1.25","1.25","-","-"
"*072h9*","Joel Drakes-Thomas","CRY","F","506","FA","ARS 2<br/>@CRY 1 F","1","0.5","1%","-1%"
"*06zc3*","Jun'ai Byfield","TOT","D","505","FA","EVE 0<br/>@TOT 1 F","1","1","0%","0%"
"*05w9q*","Odsonne Edouard","CRY","F","507","FA","ARS 2<br/>@CRY 1 F","1","1","0%","0%"
"*03pig*","Jamaal Lascelles","NEW","D","508","FA","NEW 0<br/>@FUL 2 F","1","0.5","0%","0%"
"*06uns*","Tom Watson","BHA","F","510","FA","MUN 3<br/>@BHA 0 F","1","0.17","0%","-1%"
"*03brm*","Patrick Roberts","SUN","M","509","FA","CHE 1<br/>@SUN 2 F","1","1","-","-"
"*06uzv*","Dario Essugo","CHE","M","511","FA","CHE 1<br/>@SUN 2 F","0.75","0.25","3%","-1%"
"*062ft*","Tyrell Malacia","MUN","D","512","FA","MUN 3<br/>@BHA 0 F","0.75","0.25","0%","0%"
"*0414o*","James Maddison","TOT","M","515","FA","EVE 0<br/>@TOT 1 F","0.5","0.17","97%","+1%"
"*03ysd*","Sam Byram","LEE","D","513","FA","LEE 0<br/>@WHU 3 F","0.5","0.25","2%","+1%"
"*05nip*","Dane Scarlett","TOT","F","516","FA","EVE 0<br/>@TOT 1 F","0.5","0.25","1%","0%"
"*064op*","Tyler Fredricson","MUN","D","514","FA","MUN 3<br/>@BHA 0 F","0.5","0.5","0%","0%"
"*06qgn*","Shumaira Mheuka","CHE","F","518","FA","CHE 1<br/>@SUN 2 F","0.25","0.25","0%","0%"
"*06ib6*","Tawanda Chirewa","WOL","M","517","FA","WOL 1<br/>@BUR 1 F","0.25","0.12","-","-"
"*06v0y*","Luka Vuskovic","TOT","D","887","FA","EVE 0<br/>@TOT 1 F","0","0","83%","+2%"
"*05ylx*","Dejan Kulusevski","TOT","M","716","FA","EVE 0<br/>@TOT 1 F","0","0","69%","-13%"
"*0701y*","Giovanni Leoni","LIV","D","725","FA","BRF 1<br/>@LIV 1 F","0","0","5%","-2%"
"*06lox*","Mikey Moore","TOT","F","754","FA","EVE 0<br/>@TOT 1 F","0","0","4%","-1%"
"*05n3u*","Joe Gelhardt","LEE","F","641","FA","LEE 0<br/>@WHU 3 F","0","0","4%","-3%"
"*068a1*","Mykhailo Mudryk","CHE","M","762","FA","CHE 1<br/>@SUN 2 F","0","0","4%","+3%"
"*072mq*","Brian Madjo","AVL","F","730","FA","AVL 2<br/>@MCI 1 F","0","0","3%","0%"
"*0372y*","Matt Targett","NEW","D","869","FA","NEW 0<br/>@FUL 2 F","0","0","3%","+2%"
"*06uzt*","Mike Penders","CHE","G","799","FA","CHE 1<br/>@SUN 2 F","0","0","3%","-1%"
"*06qq9*","Luca Williams-Barnett","TOT","F","900","FA","EVE 0<br/>@TOT 1 F","0","0","3%","-2%"
"*03dwz*","Tom Heaton","MUN","G","673","FA","MUN 3<br/>@BHA 0 F","0","0","2%","+1%"
"*06zef*","Adam Aznou","EVE","D","547","FA","EVE 0<br/>@TOT 1 F","0","0","2%","-1%"
"*062p0*","Stefan Bajcetic","LIV","M","551","FA","BRF 1<br/>@LIV 1 F","0","0","2%","-1%"
"*06zbn*","Marli Salmon","ARS","D","835","FA","ARS 2<br/>@CRY 1 F","0","0","2%","+2%"
"*073ab*","Floyd Samba","MCI","M","836","FA","AVL 2<br/>@MCI 1 F","0","0","2%","+2%"
"*06r5d*","Yang Min-Hyeok","TOT","F","908","FA","EVE 0<br/>@TOT 1 F","0","0","2%","-1%"
"*06jb3*","Ted Curd","CHE","G","601","FA","CHE 1<br/>@SUN 2 F","0","0","2%","+2%"
"*06ews*","Dermot Mee","MUN","G","746","FA","MUN 3<br/>@BHA 0 F","0","0","2%","+2%"
"*06l2r*","Harry Amass","MUN","D","535","FA","MUN 3<br/>@BHA 0 F","0","0","2%","-1%"
"*06kyw*","Claudio Echeverri","MCI","M","622","FA","AVL 2<br/>@MCI 1 F","0","0","2%","-2%"
"*06r9x*","Vitor Reis","MCI","D","913","FA","AVL 2<br/>@MCI 1 F","0","0","2%","-2%"
"*06yxd*","Rhys Chadwick","LEE","M","586","FA","LEE 0<br/>@WHU 3 F","0","0","2%","+2%"
"*06crn*","Toby Collyer","MUN","M","595","FA","MUN 3<br/>@BHA 0 F","0","0","2%","-2%"
"*062ot*","Cheick Doucoure","CRY","M","617","FA","ARS 2<br/>@CRY 1 F","0","0","2%","-1%"
"*072b6*","Ryan Kavuma-McQueen","CHE","F","703","FA","CHE 1<br/>@SUN 2 F","0","0","2%","-2%"
"*06yb8*","Diego Leon","MUN","D","727","FA","MUN 3<br/>@BHA 0 F","0","0","2%","-2%"
"*0722t*","Ryan McAidoo","MCI","F","739","FA","AVL 2<br/>@MCI 1 F","0","0","2%","+2%"
"*06mnb*","Samuel Iling-Junior","AVL","F","691","FA","AVL 2<br/>@MCI 1 F","0","0","1%","-1%"
"*06329*","Manor Solomon","TOT","F","859","FA","EVE 0<br/>@TOT 1 F","0","0","1%","0%"
"*05n3v*","Konstantinos Tsimikas","LIV","D","879","FA","BRF 1<br/>@LIV 1 F","0","0","1%","-1%"
"*061z3*","Fabio Vieira","ARS","M","885","FA","ARS 2<br/>@CRY 1 F","0","0","1%","0%"
"*05wwd*","Joshua Wilson-Esbrand","MCI","D","903","FA","AVL 2<br/>@MCI 1 F","0","0","1%","0%"
"*06msb*","Malick Yalcouye","BHA","M","907","FA","MUN 3<br/>@BHA 0 F","0","0","1%","-1%"
"*05rfp*","Harvey Davies","LIV","G","606","FA","BRF 1<br/>@LIV 1 F","0","0","1%","-1%"
"*05mzt*","Illan Meslier","LEE","G","750","FA","LEE 0<br/>@WHU 3 F","0","0","1%","0%"
"*063c2*","Gabriel Slonina","CHE","G","855","FA","CHE 1<br/>@SUN 2 F","0","0","1%","0%"
"*06pry*","Kaden Braithwaite","MCI","D","570","FA","AVL 2<br/>@MCI 1 F","0","0","1%","+1%"
"*06shp*","Landon Emenalo","CHE","M","624","FA","CHE 1<br/>@SUN 2 F","0","0","1%","0%"
"*072mp*","Kaye Furo","BRF","F","638","FA","BRF 1<br/>@LIV 1 F","0","0","1%","-2%"
"*06rkq*","Kieran Morrison","LIV","M","759","FA","BRF 1<br/>@LIV 1 F","0","0","1%","0%"
"*06zc0*","Park Seung-Soo","NEW","F","793","FA","NEW 0<br/>@FUL 2 F","0","0","1%","-1%"
"*06r3w*","Remy Rees-Dottin","BOU","F","818","FA","BOU 1<br/>@NOT 1 F","0","0","1%","-1%"
"*06rrq*","Reggie Walsh","CHE","M","888","FA","CHE 1<br/>@SUN 2 F","0","0","1%","0%"
"*06v0d*","Anthony Patterson","SUN","G","794","FA","CHE 1<br/>@SUN 2 F","0","0","1%","0%"
"*05ogg*","Ajibola Alese","SUN","D","533","FA","CHE 1<br/>@SUN 2 F","0","0","1%","-1%"
"*06r5m*","Aaron Anselmino","CHE","D","538","FA","CHE 1<br/>@SUN 2 F","0","0","1%","-1%"
"*06p4l*","Julian Araujo","BOU","D","540","FA","BOU 1<br/>@NOT 1 F","0","0","1%","0%"
"*06zbo*","Louie Copley","ARS","M","596","FA","ARS 2<br/>@CRY 1 F","0","0","1%","+1%"
"*06exa*","Matheus Franca","CRY","F","637","FA","ARS 2<br/>@CRY 1 F","0","0","1%","0%"
"*06pms*","Ismeal Kabia","ARS","F","701","FA","ARS 2<br/>@CRY 1 F","0","0","1%","0%"
"*06dpv*","Omari Kellyman","CHE","M","704","FA","CHE 1<br/>@SUN 2 F","0","0","1%","-1%"
"*06nbu*","Stephen Mfuni","MCI","D","751","FA","AVL 2<br/>@MCI 1 F","0","0","1%","+1%"
"*06phr*","Gustavo Nunes","BRF","F","774","FA","BRF 1<br/>@LIV 1 F","0","0","1%","-1%"
"*05rjn*","Jesurun Rak-Sakyi","CRY","M","810","FA","ARS 2<br/>@CRY 1 F","0","0","1%","-1%"
"*06l4c*","Ethan Wheatley","MUN","F","891","FA","MUN 3<br/>@BHA 0 F","0","0","1%","-1%"
"*02ls8*","Marcus Bettinelli","MCI","G","560","FA","AVL 2<br/>@MCI 1 F","0","0","1%","-1%"
"*06uzw*","Alex Cairns","LEE","G","579","FA","LEE 0<br/>@WHU 3 F","0","0","1%","0%"
"*05n09*","Mark Gillespie","NEW","G","645","FA","NEW 0<br/>@FUL 2 F","0","0","1%","0%"
"*06h1g*","Aidan Harris","NEW","G","666","FA","NEW 0<br/>@FUL 2 F","0","0","1%","+1%"
"*06cmt*","Tom King","WOL/EVE","G","706","FA","EVE 0<br/>@TOT 1 F","0","0","1%","+1%"
"*06zbw*","Benjamin Lecomte","FUL","G","723","FA","NEW 0<br/>@FUL 2 F","0","0","1%","-1%"
"*05xtr*","Teddy Sharman-Lowe","CHE","G","846","FA","CHE 1<br/>@SUN 2 F","0","0","1%","0%"
"*04rha*","Jason Steele","BHA","G","862","FA","MUN 3<br/>@BHA 0 F","0","0","1%","0%"
"*04vy4*","Mark Travers","EVE","G","876","FA","EVE 0<br/>@TOT 1 F","0","0","1%","-1%"
"*06xzn*","Abdoullah Ba","SUN","M","548","FA","CHE 1<br/>@SUN 2 F","0","0","1%","-1%"
"*06v00*","Sam Chambers","LEE","M","587","FA","LEE 0<br/>@WHU 3 F","0","0","1%","0%"
"*075zi*","Alfie Cresswell","LEE","M","599","FA","LEE 0<br/>@WHU 3 F","0","0","1%","+1%"
"*06xzf*","Charlie Crew","LEE","M","600","FA","LEE 0<br/>@WHU 3 F","0","0","1%","+1%"
"*06v0a*","Tyler Fletcher","MUN","M","633","FA","MUN 3<br/>@BHA 0 F","0","0","1%","-1%"
"*06zbq*","Andre Harriman-Annous","ARS","F","665","FA","ARS 2<br/>@CRY 1 F","0","0","1%","+1%"
"*075kd*","Talla Ndiaye","LIV","D","769","FA","BRF 1<br/>@LIV 1 F","0","0","1%","-1%"
"*073ac*","Ceadach O'Neill","ARS","F","791","FA","ARS 2<br/>@CRY 1 F","0","0","1%","+1%"
"*061z5*","Calvin Ramsay","LIV","D","814","FA","BRF 1<br/>@LIV 1 F","0","0","1%","0%"
"*06on5*","Leo Shahar","NEW","D","845","FA","NEW 0<br/>@FUL 2 F","0","0","1%","-1%"
"*06r7f*","Julio Soler","BOU","D","858","FA","BOU 1<br/>@NOT 1 F","0","0","1%","-1%"
"*06zqi*","Joshua Stephenson","BRF","D","863","FA","BRF 1<br/>@LIV 1 F","0","0","1%","-1%"
"*06v0b*","Jim Thwaites","MUN","M","875","FA","MUN 3<br/>@BHA 0 F","0","0","1%","-1%"
"*06zrt*","Will Wright","LIV","F","906","FA","BRF 1<br/>@LIV 1 F","0","0","1%","-2%"
"*06mnd*","Eric da Silva Moreira","NOT","F","912","FA","BOU 1<br/>@NOT 1 F","0","0","1%","-1%"
"*06kwh*","Benjamin Arthur","BRF","D","542","FA","BRF 1<br/>@LIV 1 F","0","0","0%","0%"
"*06v0k*","Alan Browne","SUN","M","574","FA","CHE 1<br/>@SUN 2 F","0","0","0%","0%"
"*066j4*","Mateo Joseph","LEE","F","631","FA","LEE 0<br/>@WHU 3 F","0","0","0%","0%"
"*067z4*","David Datro Fofana","CHE","F","635","FA","CHE 1<br/>@SUN 2 F","0","0","0%","0%"
"*06nbw*","Jaden Heskey","MCI","F","679","FA","AVL 2<br/>@MCI 1 F","0","0","0%","0%"
"*05x12*","Leo Fuhr Hjelde","SUN","D","682","FA","CHE 1<br/>@SUN 2 F","0","0","0%","0%"
"*06nva*","Mofe Jemide","CRY","D","695","FA","ARS 2<br/>@CRY 1 F","0","0","0%","0%"
"*06mgk*","Jayden Meghoma","BRF","D","747","FA","BRF 1<br/>@LIV 1 F","0","0","0%","0%"
"*06on6*","Anthony Munda","NEW","M","763","FA","NEW 0<br/>@FUL 2 F","0","0","0%","0%"
"*05n03*","Kalvin Phillips","MCI","M","800","FA","AVL 2<br/>@MCI 1 F","0","0","0%","0%"
"*05afj*","Largie Ramazani","LEE","F","812","FA","LEE 0<br/>@WHU 3 F","0","0","0%","0%"
"*062op*","Omar Richards","NOT","D","819","FA","BOU 1<br/>@NOT 1 F","0","0","0%","0%"
"*06zc6*","Reiss-Alexander Russell-Denny","TOT","M","831","FA","EVE 0<br/>@TOT 1 F","0","0","0%","0%"
"*06r5r*","Matai Akinmboni","BOU","D","530","FA","BOU 1<br/>@NOT 1 F","0","0","0%","0%"
"*04gyd*","Brandon Austin","TOT","G","545","FA","EVE 0<br/>@TOT 1 F","0","0","0%","0%"
"*06zod*","Dean Benamar","CRY","D","556","FA","ARS 2<br/>@CRY 1 F","0","0","0%","0%"
"*072zo*","Luka Bentt","BRF","M","558","FA","BRF 1<br/>@LIV 1 F","0","0","0%","0%"
"*02ltw*","Fraser Forster","TOT/BOU","G","636","FA","BOU 1<br/>@NOT 1 F","0","0","0%","0%"
"*073vo*","Finn Geragusyan","SUN","F","642","FA","CHE 1<br/>@SUN 2 F","0","0","0%","0%"
"*062du*","Darko Gyabi","LEE","M","659","FA","LEE 0<br/>@WHU 3 F","0","0","0%","0%"
"*072x9*","Tye Hall","TOT","M","660","FA","EVE 0<br/>@TOT 1 F","0","0","0%","0%"
"*06qvv*","Malachi Hardy","TOT","D","664","FA","EVE 0<br/>@TOT 1 F","0","0","0%","-1%"
"*072x7*","Ife Ibrahim","ARS","M","690","FA","ARS 2<br/>@CRY 1 F","0","0","0%","0%"
"*070eo*","Jenson Jones","SUN","M","700","FA","CHE 1<br/>@SUN 2 F","0","0","0%","0%"
"*06ygl*","George King","CRY","D","705","FA","ARS 2<br/>@CRY 1 F","0","0","0%","0%"
"*075sh*","Jayden Lienou","LEE","D","728","FA","LEE 0<br/>@WHU 3 F","0","0","0%","0%"
"*06do3*","James McConnell","LIV","M","740","FA","BRF 1<br/>@LIV 1 F","0","0","0%","0%"
"*033l8*","Simon Moore","SUN","G","755","FA","CHE 1<br/>@SUN 2 F","0","0","0%","0%"
"*06nk0*","Tommy Setford","ARS","G","844","FA","ARS 2<br/>@CRY 1 F","0","0","0%","0%"
"*070eq*","Jack Whittaker","SUN","M","894","FA","CHE 1<br/>@SUN 2 F","0","0","0%","0%"
"*06v0u*","Ahmed Abdullahi","SUN","F","520","FA","CHE 1<br/>@SUN 2 F","0","0","0%","-2%"
"*05ymb*","Tayo Adaramola","CRY","D","521","FA","ARS 2<br/>@CRY 1 F","0","0","0%","0%"
"*067y2*","Daniel Adu-Addei","BOU","F","523","FA","BOU 1<br/>@NOT 1 F","0","0","0%","0%"
"*06nvc*","Asher Agbinone","CRY","M","524","FA","ARS 2<br/>@CRY 1 F","0","0","0%","0%"
"*068ys*","Naouirou Ahamada","CRY","M","526","FA","ARS 2<br/>@CRY 1 F","0","0","0%","0%"
"*07394*","Joshua Ajala","WHU","F","527","FA","LEE 0<br/>@WHU 3 F","0","0","0%","0%"
"*0649j*","Manuel Akanji","MCI","D","528","FA","AVL 2<br/>@MCI 1 F","0","0","0%","0%"
"*06zc7*","Yusuf Akhamrich","TOT","F","529","FA","EVE 0<br/>@TOT 1 F","0","0","0%","0%"
"*072g3*","Sam Alabi","NEW","M","531","FA","NEW 0<br/>@FUL 2 F","0","0","0%","0%"
"*06v0v*","Milan Aleksic","SUN","F","532","FA","CHE 1<br/>@SUN 2 F","0","0","0%","0%"
"*06f81*","Edson Alvarez","WHU","M","534","FA","LEE 0<br/>@WHU 3 F","0","0","0%","0%"
"*06ewp*","Samuel Amissah","FUL","D","536","FA","NEW 0<br/>@FUL 2 F","0","0","0%","0%"
"*05uh0*","Joseph Anderson","SUN","D","537","FA","CHE 1<br/>@SUN 2 F","0","0","0%","0%"
"*03vll*","Michail Antonio","WHU","F","539","FA","LEE 0<br/>@WHU 3 F","0","0","0%","0%"
"*06zc4*","Pele Arganese-McDermott","TOT","D","541","FA","EVE 0<br/>@TOT 1 F","0","0","0%","0%"
"*05ogh*","Harrison Ashby","NEW","D","543","FA","NEW 0<br/>@FUL 2 F","0","0","0%","0%"
"*06zxz*","Scott Bailey","NEW","M","549","FA","NEW 0<br/>@FUL 2 F","0","0","0%","0%"
"*072x8*","Brando Bailey-Joseph","ARS","F","550","FA","ARS 2<br/>@CRY 1 F","0","0","0%","0%"
"*05u40*","Ellery Balcombe","BRF","G","552","FA","BRF 1<br/>@LIV 1 F","0","0","0%","0%"
"*04f67*","Philip Billing","BOU","M","563","FA","BOU 1<br/>@NOT 1 F","0","0","0%","0%"
"*072c1*","Zyan Blake","NOT","F","564","FA","BOU 1<br/>@NOT 1 F","0","0","0%","0%"
"*04qr0*","Willy Boly","NOT","D","566","FA","BOU 1<br/>@NOT 1 F","0","0","0%","0%"
"*06pru*","Aidan Borland","AVL","M","567","FA","AVL 2<br/>@MCI 1 F","0","0","0%","0%"
"*06cm7*","Josh Bowler","NOT","M","569","FA","BOU 1<br/>@NOT 1 F","0","0","0%","0%"
"*06prw*","Ben Broggio","AVL","M","572","FA","AVL 2<br/>@MCI 1 F","0","0","0%","0%"
"*06zoe*","Luke Browne","CRY","D","575","FA","ARS 2<br/>@CRY 1 F","0","0","0%","0%"
"*06r7l*","Bradley Burrowes","AVL","M","577","FA","AVL 2<br/>@MCI 1 F","0","0","0%","0%"
"*05ojg*","Nelson Semedo","WOL","D","578","FA","WOL 1<br/>@BUR 1 F","0","0","0%","0%"
"*072h8*","Ben Casey","CRY","F","583","FA","ARS 2<br/>@CRY 1 F","0","0","0%","0%"
"*066iy*","Kaelan Casey","WHU","D","584","FA","LEE 0<br/>@WHU 3 F","0","0","0%","0%"
"*03v6t*","Ben Chilwell","CHE","D","588","FA","CHE 1<br/>@SUN 2 F","0","0","0%","0%"
"*05re5*","Carney Chukwuemeka","CHE","M","589","FA","CHE 1<br/>@SUN 2 F","0","0","0%","0%"
"*06zbv*","Justin Clarke","EVE","M","593","FA","EVE 0<br/>@TOT 1 F","0","0","0%","0%"
"*06xzh*","Antonito Cordero","NEW","F","597","FA","NEW 0<br/>@FUL 2 F","0","0","0%","0%"
"*072ga*","Malcom DaCosta","BOU","M","602","FA","BOU 1<br/>@NOT 1 F","0","0","0%","0%"
"*06klv*","Jayden Danns","LIV","F","604","FA","BRF 1<br/>@LIV 1 F","0","0","0%","0%"
"*06fuh*","Hannes Delcroix","BUR","D","607","FA","WOL 1<br/>@BUR 1 F","0","0","0%","-"
"*04u6i*","Leander Dendoncker","AVL","M","608","FA","AVL 2<br/>@MCI 1 F","0","0","0%","0%"
"*056as*","William Dennis","BOU","G","610","FA","BOU 1<br/>@NOT 1 F","0","0","0%","0%"
"*05yld*","Luis Diaz","LIV","F","612","FA","BRF 1<br/>@LIV 1 F","0","0","0%","0%"
"*05uog*","Lewis Dobbin","AVL","F","614","FA","AVL 2<br/>@MCI 1 F","0","0","0%","0%"
"*066t3*","Jamie Donley","TOT","F","616","FA","EVE 0<br/>@TOT 1 F","0","0","0%","0%"
"*075qp*","Mathis Eboue","CHE","M","621","FA","CHE 1<br/>@SUN 2 F","0","0","0%","0%"
"*05yf8*","Pierre Ekwah","SUN","M","623","FA","CHE 1<br/>@SUN 2 F","0","0","0%","0%"
"*061xs*","Julio Enciso","BHA","M","625","FA","MUN 3<br/>@BHA 0 F","0","0","0%","0%"
"*06on4*","Julian Eyestone","BRF","G","626","FA","BRF 1<br/>@LIV 1 F","0","0","0%","0%"
"*072cf*","Keyrol Figueroa","LIV","F","632","FA","BRF 1<br/>@LIV 1 F","0","0","0%","0%"
"*05n0a*","Wes Foderingham","WHU","G","634","FA","LEE 0<br/>@WHU 3 F","0","0","0%","0%"
"*06jgt*","Joe Gauci","AVL","G","640","FA","AVL 2<br/>@MCI 1 F","0","0","0%","0%"
"*05uh9*","Bryan Gil","TOT","F","643","FA","EVE 0<br/>@TOT 1 F","0","0","0%","0%"
"*066si*","Alfie Gilchrist","CHE","D","644","FA","CHE 1<br/>@SUN 2 F","0","0","0%","0%"
"*06441*","Martial Godo","FUL","F","646","FA","NEW 0<br/>@FUL 2 F","0","0","0%","0%"
"*06zcc*","Airidas Golambeckis","WHU","D","647","FA","LEE 0<br/>@WHU 3 F","0","0","0%","0%"
"*06fwo*","Enso Gonzalez","WOL","F","648","FA","WOL 1<br/>@BUR 1 F","0","0","0%","0%"
"*05uhl*","Kaide Gordon","LIV","F","650","FA","BRF 1<br/>@LIV 1 F","0","0","0%","0%"
"*072iu*","Braiden Graham","EVE","F","652","FA","EVE 0<br/>@TOT 1 F","0","0","0%","0%"
"*072ht*","Charlie Gray","MCI","M","653","FA","AVL 2<br/>@MCI 1 F","0","0","0%","0%"
"*06v03*","Harry Gray","LEE","F","654","FA","LEE 0<br/>@WHU 3 F","0","0","0%","0%"
"*0435t*","Ilkay Gundogan","MCI","M","657","FA","AVL 2<br/>@MCI 1 F","0","0","0%","0%"
"*06exj*","Luca Gunter","TOT","G","658","FA","EVE 0<br/>@TOT 1 F","0","0","0%","0%"
"*06lvm*","Tyrese Hall","TOT","M","661","FA","EVE 0<br/>@TOT 1 F","0","0","0%","0%"
"*063dz*","Luke Harris","FUL","M","667","FA","NEW 0<br/>@FUL 2 F","0","0","0%","0%"
"*06ids*","Adam Harrison","NEW","G","668","FA","NEW 0<br/>@FUL 2 F","0","0","0%","0%"
"*06nv5*","Alfie Harrison","NEW","M","669","FA","NEW 0<br/>@FUL 2 F","0","0","0%","0%"
"*06kji*","Ollie Harrison","CHE","M","670","FA","CHE 1<br/>@SUN 2 F","0","0","0%","0%"
"*06zvn*","George Hemmings","AVL","M","676","FA","AVL 2<br/>@MCI 1 F","0","0","0%","0%"
"*06nlc*","Reigan Heskey","MCI","F","680","FA","AVL 2<br/>@MCI 1 F","0","0","0%","0%"
"*03jly*","Andreas Pereira","FUL","M","684","FA","NEW 0<br/>@FUL 2 F","0","0","0%","0%"
"*06exb*","Rasmus Hojlund","MUN","F","685","FA","MUN 3<br/>@BHA 0 F","0","0","0%","0%"
"*0730i*","Charlie Holland","CHE","M","687","FA","CHE 1<br/>@SUN 2 F","0","0","0%","0%"
"*072gz*","Ronnie Hollingshead","AVL","G","688","FA","AVL 2<br/>@MCI 1 F","0","0","0%","0%"
"*05r2t*","Niall Huggins","SUN","F","689","FA","CHE 1<br/>@SUN 2 F","0","0","0%","0%"
"*06zca*","Oliver Irow","TOT","F","693","FA","EVE 0<br/>@TOT 1 F","0","0","0%","0%"
"*06prv*","Jamaldeen Jimoh","AVL","M","696","FA","AVL 2<br/>@MCI 1 F","0","0","0%","0%"
"*06v0q*","Harrison Jones","SUN","M","698","FA","CHE 1<br/>@SUN 2 F","0","0","0%","0%"
"*070ep*","Jaydon Jones","SUN","M","699","FA","CHE 1<br/>@SUN 2 F","0","0","0%","0%"
"*062cl*","Issa Kabore","MCI","D","702","FA","AVL 2<br/>@MCI 1 F","0","0","0%","0%"
"*068sd*","Jakub Kiwior","ARS","D","707","FA","ARS 2<br/>@CRY 1 F","0","0","0%","0%"
"*06ils*","Yunus Konak","BRF","M","710","FA","BRF 1<br/>@LIV 1 F","0","0","0%","0%"
"*073aa*","Mohamed Kone","AVL","M","712","FA","AVL 2<br/>@MCI 1 F","0","0","0%","0%"
"*06roh*","Sekou Kone","MUN","M","713","FA","MUN 3<br/>@BHA 0 F","0","0","0%","0%"
"*06nvb*","Caleb Kporha","CRY","D","714","FA","ARS 2<br/>@CRY 1 F","0","0","0%","0%"
"*06qx6*","Godwill Kukonki","MUN","D","715","FA","MUN 3<br/>@BHA 0 F","0","0","0%","0%"
"*06mgn*","Rio Kyerematen","TOT","M","717","FA","EVE 0<br/>@TOT 1 F","0","0","0%","0%"
"*072pu*","Keiber Lamadrid","WHU","M","720","FA","LEE 0<br/>@WHU 3 F","0","0","0%","0%"
"*05a6d*","Tariq Lamptey","BHA","D","721","FA","MUN 3<br/>@BHA 0 F","0","0","0%","0%"
"*06zc9*","Ellis Lehane","TOT","F","724","FA","EVE 0<br/>@TOT 1 F","0","0","0%","0%"
"*06zrq*","Wellity Lucky","LIV","D","729","FA","BRF 1<br/>@LIV 1 F","0","0","0%","0%"
"*04tsf*","Paris Maghoma","BRF","M","731","FA","BRF 1<br/>@LIV 1 F","0","0","0%","0%"
"*06yxc*","Rory Mahady","LEE","G","732","FA","LEE 0<br/>@WHU 3 F","0","0","0%","-"
"*072x6*","Christos Mandas","BOU","G","733","FA","BOU 1<br/>@NOT 1 F","0","0","0%","0%"
"*05y6a*","Filip Marschall","AVL","G","735","FA","AVL 2<br/>@MCI 1 F","0","0","0%","0%"
"*06do1*","Zach Marsh","CRY","F","736","FA","ARS 2<br/>@CRY 1 F","0","0","0%","0%"
"*05ubh*","Remi Matthews","CRY","G","738","FA","ARS 2<br/>@CRY 1 F","0","0","0%","0%"
"*05rbn*","Thomas McGill","BHA","G","741","FA","MUN 3<br/>@BHA 0 F","0","0","0%","0%"
"*06jgu*","Callan McKenna","BOU","G","742","FA","BOU 1<br/>@NOT 1 F","0","0","0%","0%"
"*073q9*","Kian McMahon-Brown","BUR","F","743","FA","WOL 1<br/>@BUR 1 F","0","0","0%","0%"
"*06mwx*","Conor McManus","BRF","M","744","FA","BRF 1<br/>@LIV 1 F","0","0","0%","0%"
"*06jfh*","Max Merrick","CHE","G","749","FA","CHE 1<br/>@SUN 2 F","0","0","0%","0%"
"*05vyh*","Andy Moran","BHA","M","757","FA","MUN 3<br/>@BHA 0 F","0","0","0%","-"
"*0687b*","Alex Moreno","AVL","D","758","FA","AVL 2<br/>@MCI 1 F","0","0","0%","0%"
"*05uhk*","Tyler Morton","LIV","M","760","FA","BRF 1<br/>@LIV 1 F","0","0","0%","0%"
"*063e3*","Neto","BOU","G","765","FA","BOU 1<br/>@NOT 1 F","0","0","0%","0%"
"*06rqa*","William Murdock","MUN","G","766","FA","MUN 3<br/>@BHA 0 F","0","0","0%","0%"
"*06rrr*","Hindolo Mustapha","CRY","M","767","FA","ARS 2<br/>@CRY 1 F","0","0","0%","0%"
"*06kud*","Amara Nallo","LIV","D","768","FA","BRF 1<br/>@LIV 1 F","0","0","0%","0%"
"*06nk3*","Josh Nichols","ARS","D","770","FA","ARS 2<br/>@CRY 1 F","0","0","0%","0%"
"*06cm0*","Christopher Nkunku","CHE","F","771","FA","CHE 1<br/>@SUN 2 F","0","0","0%","0%"
"*06v0e*","Blondy Nna Noukeu","SUN","G","772","FA","CHE 1<br/>@SUN 2 F","0","0","0%","0%"
"*072p2*","Kian Noble","MCI","D","773","FA","AVL 2<br/>@MCI 1 F","0","0","0%","0%"
"*061x2*","Darwin Nunez","LIV","F","775","FA","BRF 1<br/>@LIV 1 F","0","0","0%","0%"
"*06ys4*","Sverre Nypan","MCI","M","776","FA","AVL 2<br/>@MCI 1 F","0","0","0%","0%"
"*06roj*","Chido Obi-Martin","MUN","F","779","FA","MUN 3<br/>@BHA 0 F","0","0","0%","0%"
"*06v0w*","Trey Ogunsuyi","SUN","F","780","FA","CHE 1<br/>@SUN 2 F","0","0","0%","0%"
"*072lp*","Malik Olayiwola","EVE","M","783","FA","EVE 0<br/>@TOT 1 F","0","0","0%","0%"
"*06qq8*","Callum Olusesi","TOT","M","784","FA","EVE 0<br/>@TOT 1 F","0","0","0%","0%"
"*06dps*","Andre Onana","MUN","G","785","FA","MUN 3<br/>@BHA 0 F","0","0","0%","0%"
"*05r93*","Tyler Onyango","EVE","M","786","FA","EVE 0<br/>@TOT 1 F","0","0","0%","0%"
"*066iz*","Lewis Orford","WHU","M","787","FA","LEE 0<br/>@WHU 3 F","0","0","0%","0%"
"*072at*","Nehemiah Oriola","BHA","F","788","FA","MUN 3<br/>@BHA 0 F","0","0","0%","0%"
"*062ow*","David Ozoh","CRY","M","790","FA","ARS 2<br/>@CRY 1 F","0","0","0%","0%"
"*04mqv*","Emerson","WHU","D","792","FA","LEE 0<br/>@WHU 3 F","0","0","0%","0%"
"*06awp*","Travis Patterson","AVL","D","795","FA","AVL 2<br/>@MCI 1 F","0","0","0%","0%"
"*06xzk*","Timothee Pembele","SUN","D","798","FA","CHE 1<br/>@SUN 2 F","0","0","0%","0%"
"*06ppi*","Jack Porter","ARS","G","805","FA","ARS 2<br/>@CRY 1 F","0","0","0%","0%"
"*04ym3*","Ian Poveda-Ocampo","SUN","F","807","FA","CHE 1<br/>@SUN 2 F","0","0","0%","0%"
"*06v04*","Armin Pecsi","LIV","G","809","FA","BRF 1<br/>@LIV 1 F","0","0","0%","0%"
"*06few*","Youssef Chermiti","EVE","F","811","FA","EVE 0<br/>@TOT 1 F","0","0","0%","0%"
"*073y1*","Khari Ranson","ARS","G","816","FA","ARS 2<br/>@CRY 1 F","0","0","0%","0%"
"*06nve*","Luke Rawlings","WOL","M","817","FA","WOL 1<br/>@BUR 1 F","0","0","0%","0%"
"*072cb*","Seth Ridgeon","FUL","M","820","FA","NEW 0<br/>@FUL 2 F","0","0","0%","0%"
"*04azm*","Connor Roberts","BUR","D","821","FA","WOL 1<br/>@BUR 1 F","0","0","0%","0%"
"*05tr5*","Mads Roerslev","BRF","D","824","FA","BRF 1<br/>@LIV 1 F","0","0","0%","0%"
"*02m3v*","John Ruddy","NEW","G","830","FA","NEW 0<br/>@FUL 2 F","0","0","0%","0%"
"*072p3*","Tyrone Samba","MCI","F","837","FA","AVL 2<br/>@MCI 1 F","0","0","0%","0%"
"*05ue3*","Albert Sambi Lokonga","ARS","M","838","FA","ARS 2<br/>@CRY 1 F","0","0","0%","-"
"*04fk5*","Ederson","MCI","G","840","FA","AVL 2<br/>@MCI 1 F","0","0","0%","0%"
"*06po8*","Martin Sherif","EVE","F","847","FA","EVE 0<br/>@TOT 1 F","0","0","0%","0%"
"*073b0*","Ollie Shield","BRF","D","848","FA","BRF 1<br/>@LIV 1 F","0","0","0%","0%"
"*07659*","Lamin Sillah","NOT","D","849","FA","BOU 1<br/>@NOT 1 F","0","0","0%","0%"
"*06xzp*","Luis Semedo","SUN","F","850","FA","CHE 1<br/>@SUN 2 F","0","0","0%","0%"
"*062cj*","Abdallah Sima","BHA","F","851","FA","MUN 3<br/>@BHA 0 F","0","0","0%","0%"
"*06s7r*","Freddie Simmonds","BHA","D","852","FA","MUN 3<br/>@BHA 0 F","0","0","0%","0%"
"*062h9*","Luis Sinisterra","BOU","F","854","FA","BOU 1<br/>@NOT 1 F","0","0","0%","0%"
"*03v9d*","Son Heung-Min","TOT","F","860","FA","EVE 0<br/>@TOT 1 F","0","0","0%","0%"
"*02lkp*","Raheem Sterling","CHE","F","865","FA","CHE 1<br/>@SUN 2 F","0","0","0%","0%"
"*072p7*","Charlie Stevens","BOU","M","866","FA","BOU 1<br/>@NOT 1 F","0","0","0%","0%"
"*06ya6*","Kota Takai","TOT","D","868","FA","EVE 0<br/>@TOT 1 F","0","0","0%","0%"
"*06rwp*","Charlie Tasker","BHA","D","870","FA","MUN 3<br/>@BHA 0 F","0","0","0%","0%"
"*06zbu*","Aled Thomas","EVE","D","871","FA","EVE 0<br/>@TOT 1 F","0","0","0%","0%"
"*06zeg*","Max Thompson","NEW","G","873","FA","NEW 0<br/>@FUL 2 F","0","0","0%","0%"
"*06zc8*","Tynan Thompson","TOT","F","874","FA","EVE 0<br/>@TOT 1 F","0","0","0%","0%"
"*06xzl*","Nectarios Triantis","SUN","D","878","FA","CHE 1<br/>@SUN 2 F","0","0","0%","0%"
"*062ds*","Matt Turner","NOT","G","880","FA","BOU 1<br/>@NOT 1 F","0","0","0%","0%"
"*06v0x*","Tymur Tutierov","SUN","F","881","FA","CHE 1<br/>@SUN 2 F","0","0","0%","0%"
"*05rc7*","Harry Tyrer","EVE","G","883","FA","EVE 0<br/>@TOT 1 F","0","0","0%","0%"
"*056ir*","Adam Webster","BHA","D","889","FA","MUN 3<br/>@BHA 0 F","0","0","0%","0%"
"*05wqy*","Joe White","NEW","M","892","FA","NEW 0<br/>@FUL 2 F","0","0","0%","0%"
"*062pa*","Joseph Whitworth","CRY","G","895","FA","ARS 2<br/>@CRY 1 F","0","0","0%","0%"
"*06nbq*","Caleb Wiley","CHE","D","896","FA","CHE 1<br/>@SUN 2 F","0","0","0%","0%"
"*06muh*","Ethan Williams","MUN","M","898","FA","MUN 3<br/>@BHA 0 F","0","0","0%","0%"
"*05oji*","Rhys Williams","LIV","D","899","FA","BRF 1<br/>@LIV 1 F","0","0","0%","0%"
"*06617*","Keehan Willows","NOT","G","901","FA","BOU 1<br/>@NOT 1 F","0","0","0%","0%"
"*073k1*","James Wilson","TOT","F","902","FA","EVE 0<br/>@TOT 1 F","0","0","0%","0%"
"*06qwh*","Ben Winterburn","BOU","M","904","FA","BOU 1<br/>@NOT 1 F","0","0","0%","0%"
"*068yi*","Illia Zabarnyi","BOU","D","910","FA","BOU 1<br/>@NOT 1 F","0","0","0%","0%"
"*06mx2*","Carlos Miguel","NOT","G","914","FA","BOU 1<br/>@NOT 1 F","0","0","0%","0%"
"*0649i*","Antony","MUN","M","915","FA","MUN 3<br/>@BHA 0 F","0","0","0%","0%"
"*06unr*","Yasin Ozcan","AVL","D","916","FA","AVL 2<br/>@MCI 1 F","0","0","0%","0%"
"*06awq*","George Abbott","TOT","M","519","FA","EVE 0<br/>@TOT 1 F","0","0","-","-"
"*06yb6*","Oluwaseun Adewumi","BUR","M","522","FA","WOL 1<br/>@BUR 1 F","0","0","-","-"
"*06cly*","Enock Agyei","BUR","F","525","FA","WOL 1<br/>@BUR 1 F","0","0","-","-"
"*06zc2*","Tyrell Ashcroft","TOT","D","544","FA","EVE 0<br/>@TOT 1 F","0","0","-","-"
"*06zcb*","Lanre Awesu","WHU","G","546","FA","LEE 0<br/>@WHU 3 F","0","0","-","-"
"*03ek4*","Patrick Bamford","LEE","F","553","FA","LEE 0<br/>@WHU 3 F","0","0","-","-"
"*06uzr*","Jaydon Banel","BUR","F","554","FA","WOL 1<br/>@BUR 1 F","0","0","-","-"
"*06qqm*","Callum Bates","EVE","M","555","FA","EVE 0<br/>@TOT 1 F","0","0","-","-"
"*06fwn*","Steven Benda","FUL","G","557","FA","NEW 0<br/>@FUL 2 F","0","0","-","-"
"*0700s*","Adam Berry","NOT","M","559","FA","BOU 1<br/>@NOT 1 F","0","0","-","-"
"*0643r*","Owen Bevan","BOU","D","561","FA","BOU 1<br/>@NOT 1 F","0","0","-","-"
"*06clx*","Jordan Beyer","BUR","D","562","FA","WOL 1<br/>@BUR 1 F","0","0","-","-"
"*06zc1*","Carey Bloedorn","TOT","G","565","FA","EVE 0<br/>@TOT 1 F","0","0","-","-"
"*06ex2*","Aaron Bott","NOT","G","568","FA","BOU 1<br/>@NOT 1 F","0","0","-","-"
"*071xd*","George Brierley","BUR","M","571","FA","WOL 1<br/>@BUR 1 F","0","0","-","-"
"*074vk*","Alfie Brooks","WOL","G","573","FA","WOL 1<br/>@BUR 1 F","0","0","-","-"
"*05gcx*","Josh Brownhill","BUR","M","576","FA","WOL 1<br/>@BUR 1 F","0","0","-","-"
"*06idv*","Elijah Campbell","EVE","D","580","FA","EVE 0<br/>@TOT 1 F","0","0","-","-"
"*071xc*","Murray Campbell","BUR","D","581","FA","WOL 1<br/>@BUR 1 F","0","0","-","-"
"*072j7*","TJ Carroll","AVL","D","582","FA","AVL 2<br/>@MCI 1 F","0","0","-","-"
"*06q2g*","Dante Cassanova","TOT","D","585","FA","EVE 0<br/>@TOT 1 F","0","0","-","-"
"*06c4r*","Darko Churlinov","BUR","F","590","FA","WOL 1<br/>@BUR 1 F","0","0","-","-"
"*071xe*","Ellis Clark","BUR","M","591","FA","WOL 1<br/>@BUR 1 F","0","0","-","-"
"*07233*","Ellis Clark","BUR","M","592","FA","WOL 1<br/>@BUR 1 F","0","0","-","-"
"*072ox*","Sam Coffey","MCI","M","594","FA","AVL 2<br/>@MCI 1 F","0","0","-","-"
"*05xtq*","Matthew Cox","BRF","G","598","FA","BRF 1<br/>@LIV 1 F","0","0","-","-"
"*0689t*","Michael Dacosta Gonzalez","BOU","F","603","FA","BOU 1<br/>@NOT 1 F","0","0","-","-"
"*06zrr*","Josh Davidson","LIV","D","605","FA","BRF 1<br/>@LIV 1 F","0","0","-","-"
"*05tz8*","Emmanuel Dennis","NOT","F","609","FA","BOU 1<br/>@NOT 1 F","0","0","-","-"
"*05nio*","Alfie Devine","TOT","M","611","FA","EVE 0<br/>@TOT 1 F","0","0","-","-"
"*073ue*","Jaden Dixon","ARS","D","613","FA","ARS 2<br/>@CRY 1 F","0","0","-","-"
"*05ux0*","Owen Dodgson","BUR","D","615","FA","WOL 1<br/>@BUR 1 F","0","0","-","-"
"*074vj*","Harrison Dudziak","ARS","M","618","FA","ARS 2<br/>@CRY 1 F","0","0","-","-"
"*06dmn*","George Earthy","WHU","M","619","FA","LEE 0<br/>@WHU 3 F","0","0","-","-"
"*062ck*","Malcolm Ebiowei","CRY","F","620","FA","ARS 2<br/>@CRY 1 F","0","0","-","-"
"*02lym*","Lukasz Fabianski","WHU","G","627","FA","LEE 0<br/>@WHU 3 F","0","0","-","-"
"*06jgk*","Romain Faivre","BOU","M","628","FA","BOU 1<br/>@NOT 1 F","0","0","-","-"
"*06zcd*","Preston Fearon","WHU","M","629","FA","LEE 0<br/>@WHU 3 F","0","0","-","-"
"*06873*","Joao Felix","CHE","F","630","FA","CHE 1<br/>@SUN 2 F","0","0","-","-"
"*063e8*","Goncalo Guedes","WOL","F","639","FA","WOL 1<br/>@BUR 1 F","0","0","-","-"
"*062pb*","Owen Goodman","CRY","G","649","FA","ARS 2<br/>@CRY 1 F","0","0","-","-"
"*075jv*","Josh Gracey","WOL","G","651","FA","WOL 1<br/>@BUR 1 F","0","0","-","-"
"*06uzk*","Etienne Green","BUR","G","655","FA","WOL 1<br/>@BUR 1 F","0","0","-","-"
"*05r4r*","Sam Greenwood","LEE","F","656","FA","LEE 0<br/>@WHU 3 F","0","0","-","-"
"*072dz*","Ben Hammond","NOT","D","662","FA","BOU 1<br/>@NOT 1 F","0","0","-","-"
"*0746k*","Justin Hanks","NOT","D","663","FA","BOU 1<br/>@NOT 1 F","0","0","-","-"
"*035mq*","Isaac Hayden","NEW","M","671","FA","NEW 0<br/>@FUL 2 F","0","0","-","-"
"*06rnm*","Isaac Heath","EVE","F","672","FA","EVE 0<br/>@TOT 1 F","0","0","-","-"
"*0645w*","Krisztian Hegyi","WHU","G","674","FA","LEE 0<br/>@WHU 3 F","0","0","-","-"
"*05oz4*","Karl Hein","ARS","G","675","FA","ARS 2<br/>@CRY 1 F","0","0","-","-"
"*06jfq*","Travis Hernes","NEW","M","677","FA","NEW 0<br/>@FUL 2 F","0","0","-","-"
"*06nyx*","Finlay Herrick","WHU","G","678","FA","LEE 0<br/>@WHU 3 F","0","0","-","-"
"*06zbs*","Marcus Hill","CRY","G","681","FA","ARS 2<br/>@CRY 1 F","0","0","-","-"
"*06mfw*","Vaclav Hladky","BUR","G","683","FA","WOL 1<br/>@BUR 1 F","0","0","-","-"
"*044nm*","Rob Holding","CRY","D","686","FA","ARS 2<br/>@CRY 1 F","0","0","-","-"
"*06kx0*","Danny Imray","CRY","D","692","FA","ARS 2<br/>@CRY 1 F","0","0","-","-"
"*0746j*","Jackson Izquierdo","CRY","G","694","FA","ARS 2<br/>@CRY 1 F","0","0","-","-"
"*06xzm*","Zak Johnson","SUN","D","697","FA","CHE 1<br/>@SUN 2 F","0","0","-","-"
"*06rkx*","Joe Knight","BHA","M","708","FA","MUN 3<br/>@BHA 0 F","0","0","-","-"
"*06dqv*","Luca Koleosho","BUR","M","709","FA","WOL 1<br/>@BUR 1 F","0","0","-","-"
"*06rkr*","Trent Kone-Doherty","LIV","F","711","FA","BRF 1<br/>@LIV 1 F","0","0","-","-"
"*06zrs*","Michael Laffey","LIV","M","718","FA","BRF 1<br/>@LIV 1 F","0","0","-","-"
"*06zqj*","Ethan Laidlaw","BRF","F","719","FA","BRF 1<br/>@LIV 1 F","0","0","-","-"
"*066t2*","Will Lankshear","TOT","F","722","FA","EVE 0<br/>@TOT 1 F","0","0","-","-"
"*070em*","Marley Leuluai","BUR","M","726","FA","WOL 1<br/>@BUR 1 F","0","0","-","-"
"*06c4p*","Benson Manuel","BUR","F","734","FA","WOL 1<br/>@BUR 1 F","0","0","-","-"
"*06xzo*","Jay Matete","SUN","M","737","FA","CHE 1<br/>@SUN 2 F","0","0","-","-"
"*072jc*","Alfie McNally","FUL","G","745","FA","NEW 0<br/>@FUL 2 F","0","0","-","-"
"*04ylt*","Chris Mepham","BOU","D","748","FA","BOU 1<br/>@NOT 1 F","0","0","-","-"
"*06v0r*","Ben Middlemas","SUN","M","752","FA","CHE 1<br/>@SUN 2 F","0","0","-","-"
"*06zby*","Kornel Misciur","LIV","G","753","FA","BRF 1<br/>@LIV 1 F","0","0","-","-"
"*06roi*","Jack Moorhouse","MUN","M","756","FA","MUN 3<br/>@BHA 0 F","0","0","-","-"
"*06xzj*","David Mota Veiga Teixeira do Carmo","NOT","D","761","FA","BOU 1<br/>@NOT 1 F","0","0","-","-"
"*06v09*","Reece Munro","MUN","D","764","FA","MUN 3<br/>@BHA 0 F","0","0","-","-"
"*0722r*","Rhys Oakley","AVL","G","777","FA","AVL 2<br/>@MCI 1 F","0","0","-","-"
"*04mmx*","Michael Obafemi","BUR","F","778","FA","WOL 1<br/>@BUR 1 F","0","0","-","-"
"*06l53*","Temple Ojinnaka","WOL","M","781","FA","WOL 1<br/>@BUR 1 F","0","0","-","-"
"*072hx*","Saheed Olagunju","WOL","D","782","FA","WOL 1<br/>@BUR 1 F","0","0","-","-"
"*06mwu*","Riley Owen","BRF","M","789","FA","BRF 1<br/>@LIV 1 F","0","0","-","-"
"*06mex*","Alex Paulsen","BOU","G","796","FA","BOU 1<br/>@NOT 1 F","0","0","-","-"
"*05nuf*","Myles Peart-Harris","BRF","M","797","FA","BRF 1<br/>@LIV 1 F","0","0","-","-"
"*06yjz*","Tommy Pilling","LIV","M","801","FA","BRF 1<br/>@LIV 1 F","0","0","-","-"
"*070en*","Oliver Pimlott","BUR","F","802","FA","WOL 1<br/>@BUR 1 F","0","0","-","-"
"*072ce*","Carter Pinnington","LIV","D","803","FA","BRF 1<br/>@LIV 1 F","0","0","-","-"
"*06fwj*","Alfie Pond","WOL","D","804","FA","WOL 1<br/>@BUR 1 F","0","0","-","-"
"*071xf*","Brandon Pouani","BUR","F","806","FA","WOL 1<br/>@BUR 1 F","0","0","-","-"
"*06ie2*","Sam Proctor","AVL","G","808","FA","AVL 2<br/>@MCI 1 F","0","0","-","-"
"*072cd*","Nils Ramming","BHA","G","813","FA","MUN 3<br/>@BHA 0 F","0","0","-","-"
"*05vyc*","Aaron Ramsey","BUR","M","815","FA","WOL 1<br/>@BUR 1 F","0","0","-","-"
"*06nyy*","Junior Robinson","WHU","D","822","FA","LEE 0<br/>@WHU 3 F","0","0","-","-"
"*062oi*","Kaden Rodney","CRY","M","823","FA","ARS 2<br/>@CRY 1 F","0","0","-","-"
"*06nk2*","Alexei Rojas Fedorushchenko","ARS","G","825","FA","ARS 2<br/>@CRY 1 F","0","0","-","-"
"*06nkh*","Reggie Rose","BRF","G","826","FA","BRF 1<br/>@LIV 1 F","0","0","-","-"
"*072i1*","Leon Routh","AVL","D","827","FA","AVL 2<br/>@MCI 1 F","0","0","-","-"
"*06prt*","Triston Rowe","AVL","D","828","FA","AVL 2<br/>@MCI 1 F","0","0","-","-"
"*06zc5*","James Rowswell","TOT","D","829","FA","EVE 0<br/>@TOT 1 F","0","0","-","-"
"*06xzq*","Nazariy Rusyn","SUN","F","832","FA","CHE 1<br/>@SUN 2 F","0","0","-","-"
"*0643v*","Dominic Sadi","BOU","F","833","FA","BOU 1<br/>@NOT 1 F","0","0","-","-"
"*066se*","Charles Sagoe Junior","ARS","F","834","FA","ARS 2<br/>@CRY 1 F","0","0","-","-"
"*06uzm*","Shurandy Sambo","BUR","D","839","FA","WOL 1<br/>@BUR 1 F","0","0","-","-"
"*05x9k*","Jeremy Sarmiento","BHA","M","841","FA","MUN 3<br/>@BHA 0 F","0","0","-","-"
"*05nsf*","Malang Sarr","CHE","D","842","FA","CHE 1<br/>@SUN 2 F","0","0","-","-"
"*06uzx*","Isaac Schmidt","LEE","D","843","FA","LEE 0<br/>@WHU 3 F","0","0","-","-"
"*0700r*","Jimmy Sinclair","NOT","M","853","FA","BOU 1<br/>@NOT 1 F","0","0","-","-"
"*05o8k*","Fabio Silva","WOL","F","856","FA","WOL 1<br/>@BUR 1 F","0","0","-","-"
"*070hm*","Luis Eduardo Soares da Silva","NOT","D","857","FA","BOU 1<br/>@NOT 1 F","0","0","-","-"
"*06mmk*","Marko Stamenic","NOT","M","861","FA","BOU 1<br/>@NOT 1 F","0","0","-","-"
"*06nl8*","Luca Stephenson","LIV","M","864","FA","BRF 1<br/>@LIV 1 F","0","0","-","-"
"*072iv*","Ethan Sutherland","WOL","M","867","FA","WOL 1<br/>@BUR 1 F","0","0","-","-"
"*072dy*","Jack Thompson","NOT","D","872","FA","BOU 1<br/>@NOT 1 F","0","0","-","-"
"*0643w*","Ryan Trevitt","BRF","M","877","FA","BRF 1<br/>@LIV 1 F","0","0","-","-"
"*06uzs*","Tom Tweedy","BUR","F","882","FA","WOL 1<br/>@BUR 1 F","0","0","-","-"
"*06kk4*","Franco Umeh-Chibueze","CRY","F","884","FA","ARS 2<br/>@CRY 1 F","0","0","-","-"
"*06fxg*","Odysseas Vlachodimos","NEW","G","886","FA","NEW 0<br/>@FUL 2 F","0","0","-","-"
"*05rka*","Reece Welch","EVE","D","890","FA","EVE 0<br/>@TOT 1 F","0","0","-","-"
"*0700q*","Archie Whitehall","NOT","M","893","FA","BOU 1<br/>@NOT 1 F","0","0","-","-"
"*06zbr*","Harold William","BOU","D","897","FA","BOU 1<br/>@NOT 1 F","0","0","-","-"
"*06avm*","James Wright","AVL","G","905","FA","AVL 2<br/>@MCI 1 F","0","0","-","-"
"*066tb*","Kadan Young","AVL","F","909","FA","AVL 2<br/>@MCI 1 F","0","0","-","-"
"*056at*","Jordan Zemura","BOU","D","911","FA","BOU 1<br/>@NOT 1 F","0","0","-","-"
"*06rnn*","Sean Neave","NEW","F","917","FA","NEW 0<br/>@FUL 2 F","-0.5","-0.5","1%","-2%"
"*0620k*","Nayef Aguerd","WHU","D","918","FA","LEE 0<br/>@WHU 3 F","-1.25","-0.62","0%","0%"
"*06jfe*","Hakon Valdimarsson","BRF","G","919","FA","BRF 1<br/>@LIV 1 F","-2","-2","1%","0%"
"*05746*","Emil Krafth","NEW","D","920","FA","NEW 0<br/>@FUL 2 F","-2.25","-2.25","0%","0%"
