Gameweek,HomeAbbrev,AwayAbbrev,H/A
1,LIV,BOU,H
1,AVL,NEW,H
1,BHA,FUL,H
1,NOT,BRF,H
1,SUN,WHU,H
1,TOT,BUR,H
1,WOL,MCI,H
1,CHE,CRY,H
1,MUN,ARS,H
1,LEE,EVE,H
1,BOU,LIV,A
1,NEW,AVL,A
1,FUL,BHA,A
1,BRF,NOT,A
1,WHU,SUN,A
1,BUR,TOT,A
1,MCI,WOL,A
1,CRY,CHE,A
1,ARS,MUN,A
1,EVE,LEE,A
2,BOU,WOL,H
2,ARS,LEE,H
2,BRF,AVL,H
2,BUR,SUN,H
2,CRY,NOT,H
2,EVE,BHA,H
2,FUL,MUN,H
2,MCI,TOT,H
2,NEW,LIV,H
2,WHU,CHE,H
2,WOL,BOU,A
2,LEE,ARS,A
2,AVL,BRF,A
2,SUN,BUR,A
2,NOT,CRY,A
2,BHA,EVE,A
2,MUN,FUL,A
2,TOT,MCI,A
2,LIV,NEW,A
2,CHE,WHU,A
3,AVL,CRY,H
3,BHA,MCI,H
3,CHE,FUL,H
3,LEE,NEW,H
3,LIV,ARS,H
3,MUN,BUR,H
3,NOT,WHU,H
3,SUN,BRF,H
3,TOT,BOU,H
3,WOL,EVE,H
3,CRY,AVL,A
3,MCI,BHA,A
3,FUL,CHE,A
3,NEW,LEE,A
3,ARS,LIV,A
3,BUR,MUN,A
3,WHU,NOT,A
3,BRF,SUN,A
3,BOU,TOT,A
3,EVE,WOL,A
4,BOU,BHA,H
4,ARS,NOT,H
4,BRF,CHE,H
4,BUR,LIV,H
4,CRY,SUN,H
4,EVE,AVL,H
4,FUL,LEE,H
4,MCI,MUN,H
4,NEW,WOL,H
4,WHU,TOT,H
4,BHA,BOU,A
4,NOT,ARS,A
4,CHE,BRF,A
4,LIV,BUR,A
4,SUN,CRY,A
4,AVL,EVE,A
4,LEE,FUL,A
4,MUN,MCI,A
4,WOL,NEW,A
4,TOT,WHU,A
5,ARS,MCI,H
5,BHA,TOT,H
5,BUR,NOT,H
5,FUL,BRF,H
5,LIV,EVE,H
5,MUN,CHE,H
5,SUN,AVL,H
5,WHU,CRY,H
5,WOL,LEE,H
5,MCI,ARS,A
5,TOT,BHA,A
5,NOT,BUR,A
5,BRF,FUL,A
5,EVE,LIV,A
5,CHE,MUN,A
5,AVL,SUN,A
5,CRY,WHU,A
5,LEE,WOL,A
5,BOU,NEW,H
5,NEW,BOU,A
6,AVL,FUL,H
6,BRF,MUN,H
6,CHE,BHA,H
6,CRY,LIV,H
6,EVE,WHU,H
6,LEE,BOU,H
6,MCI,BUR,H
6,NEW,ARS,H
6,NOT,SUN,H
6,TOT,WOL,H
6,FUL,AVL,A
6,MUN,BRF,A
6,BHA,CHE,A
6,LIV,CRY,A
6,WHU,EVE,A
6,BOU,LEE,A
6,BUR,MCI,A
6,ARS,NEW,A
6,SUN,NOT,A
6,WOL,TOT,A
7,BOU,FUL,H
7,ARS,WHU,H
7,AVL,BUR,H
7,BRF,MCI,H
7,CHE,LIV,H
7,EVE,CRY,H
7,LEE,TOT,H
7,MUN,SUN,H
7,NEW,NOT,H
7,WOL,BHA,H
7,FUL,BOU,A
7,WHU,ARS,A
7,BUR,AVL,A
7,MCI,BRF,A
7,LIV,CHE,A
7,CRY,EVE,A
7,TOT,LEE,A
7,SUN,MUN,A
7,NOT,NEW,A
7,BHA,WOL,A
8,BHA,NEW,H
8,BUR,LEE,H
8,CRY,BOU,H
8,FUL,ARS,H
8,LIV,MUN,H
8,MCI,EVE,H
8,NOT,CHE,H
8,SUN,WOL,H
8,TOT,AVL,H
8,WHU,BRF,H
8,NEW,BHA,A
8,LEE,BUR,A
8,BOU,CRY,A
8,ARS,FUL,A
8,MUN,LIV,A
8,EVE,MCI,A
8,CHE,NOT,A
8,WOL,SUN,A
8,AVL,TOT,A
8,BRF,WHU,A
9,BOU,NOT,H
9,ARS,CRY,H
9,AVL,MCI,H
9,BRF,LIV,H
9,CHE,SUN,H
9,EVE,TOT,H
9,LEE,WHU,H
9,MUN,BHA,H
9,NEW,FUL,H
9,WOL,BUR,H
9,NOT,BOU,A
9,CRY,ARS,A
9,MCI,AVL,A
9,LIV,BRF,A
9,SUN,CHE,A
9,TOT,EVE,A
9,WHU,LEE,A
9,BHA,MUN,A
9,FUL,NEW,A
9,BUR,WOL,A
10,BHA,LEE,H
10,BUR,ARS,H
10,CRY,BRF,H
10,FUL,WOL,H
10,LIV,AVL,H
10,MCI,BOU,H
10,NOT,MUN,H
10,SUN,EVE,H
10,TOT,CHE,H
10,WHU,NEW,H
10,LEE,BHA,A
10,ARS,BUR,A
10,BRF,CRY,A
10,WOL,FUL,A
10,AVL,LIV,A
10,BOU,MCI,A
10,MUN,NOT,A
10,EVE,SUN,A
10,CHE,TOT,A
10,NEW,WHU,A
11,AVL,BOU,H
11,BRF,NEW,H
11,CHE,WOL,H
11,CRY,BHA,H
11,EVE,FUL,H
11,MCI,LIV,H
11,NOT,LEE,H
11,SUN,ARS,H
11,TOT,MUN,H
11,WHU,BUR,H
11,BOU,AVL,A
11,NEW,BRF,A
11,WOL,CHE,A
11,BHA,CRY,A
11,FUL,EVE,A
11,LIV,MCI,A
11,LEE,NOT,A
11,ARS,SUN,A
11,MUN,TOT,A
11,BUR,WHU,A
12,BOU,WHU,H
12,ARS,TOT,H
12,BHA,BRF,H
12,BUR,CHE,H
12,FUL,SUN,H
12,LEE,AVL,H
12,LIV,NOT,H
12,MUN,EVE,H
12,NEW,MCI,H
12,WOL,CRY,H
12,WHU,BOU,A
12,TOT,ARS,A
12,BRF,BHA,A
12,CHE,BUR,A
12,SUN,FUL,A
12,AVL,LEE,A
12,NOT,LIV,A
12,EVE,MUN,A
12,MCI,NEW,A
12,CRY,WOL,A
13,AVL,WOL,H
13,BRF,BUR,H
13,CHE,ARS,H
13,CRY,MUN,H
13,EVE,NEW,H
13,MCI,LEE,H
13,NOT,BHA,H
13,SUN,BOU,H
13,TOT,FUL,H
13,WHU,LIV,H
13,WOL,AVL,A
13,BUR,BRF,A
13,ARS,CHE,A
13,MUN,CRY,A
13,NEW,EVE,A
13,LEE,MCI,A
13,BHA,NOT,A
13,BOU,SUN,A
13,FUL,TOT,A
13,LIV,WHU,A
14,BOU,EVE,H
14,ARS,BRF,H
14,BHA,AVL,H
14,BUR,CRY,H
14,FUL,MCI,H
14,LEE,CHE,H
14,LIV,SUN,H
14,MUN,WHU,H
14,NEW,TOT,H
14,WOL,NOT,H
14,EVE,BOU,A
14,BRF,ARS,A
14,AVL,BHA,A
14,CRY,BUR,A
14,MCI,FUL,A
14,CHE,LEE,A
14,SUN,LIV,A
14,WHU,MUN,A
14,TOT,NEW,A
14,NOT,WOL,A
15,BOU,CHE,H
15,AVL,ARS,H
15,BHA,WHU,H
15,EVE,NOT,H
15,FUL,CRY,H
15,LEE,LIV,H
15,MCI,SUN,H
15,NEW,BUR,H
15,TOT,BRF,H
15,WOL,MUN,H
15,CHE,BOU,A
15,ARS,AVL,A
15,WHU,BHA,A
15,NOT,EVE,A
15,CRY,FUL,A
15,LIV,LEE,A
15,SUN,MCI,A
15,BUR,NEW,A
15,BRF,TOT,A
15,MUN,WOL,A
16,ARS,WOL,H
16,BRF,LEE,H
16,BUR,FUL,H
16,CHE,EVE,H
16,CRY,MCI,H
16,LIV,BHA,H
16,MUN,BOU,H
16,NOT,TOT,H
16,SUN,NEW,H
16,WHU,AVL,H
16,WOL,ARS,A
16,LEE,BRF,A
16,FUL,BUR,A
16,EVE,CHE,A
16,MCI,CRY,A
16,BHA,LIV,A
16,BOU,MUN,A
16,TOT,NOT,A
16,NEW,SUN,A
16,AVL,WHU,A
17,BOU,BUR,H
17,AVL,MUN,H
17,BHA,SUN,H
17,EVE,ARS,H
17,FUL,NOT,H
17,LEE,CRY,H
17,MCI,WHU,H
17,NEW,CHE,H
17,TOT,LIV,H
17,WOL,BRF,H
17,BUR,BOU,A
17,MUN,AVL,A
17,SUN,BHA,A
17,ARS,EVE,A
17,NOT,FUL,A
17,CRY,LEE,A
17,WHU,MCI,A
17,CHE,NEW,A
17,LIV,TOT,A
17,BRF,WOL,A
18,ARS,BHA,H
18,BRF,BOU,H
18,BUR,EVE,H
18,CHE,AVL,H
18,CRY,TOT,H
18,LIV,WOL,H
18,MUN,NEW,H
18,NOT,MCI,H
18,SUN,LEE,H
18,WHU,FUL,H
18,BHA,ARS,A
18,BOU,BRF,A
18,EVE,BUR,A
18,AVL,CHE,A
18,TOT,CRY,A
18,WOL,LIV,A
18,NEW,MUN,A
18,MCI,NOT,A
18,LEE,SUN,A
18,FUL,WHU,A
19,ARS,AVL,H
19,BRF,TOT,H
19,BUR,NEW,H
19,CHE,BOU,H
19,CRY,FUL,H
19,LIV,LEE,H
19,MUN,WOL,H
19,NOT,EVE,H
19,SUN,MCI,H
19,WHU,BHA,H
19,AVL,ARS,A
19,TOT,BRF,A
19,NEW,BUR,A
19,BOU,CHE,A
19,FUL,CRY,A
19,LEE,LIV,A
19,WOL,MUN,A
19,EVE,NOT,A
19,MCI,SUN,A
19,BHA,WHU,A
20,BOU,ARS,H
20,AVL,NOT,H
20,BHA,BUR,H
20,EVE,BRF,H
20,FUL,LIV,H
20,LEE,MUN,H
20,MCI,CHE,H
20,NEW,CRY,H
20,TOT,SUN,H
20,WOL,WHU,H
20,ARS,BOU,A
20,NOT,AVL,A
20,BUR,BHA,A
20,BRF,EVE,A
20,LIV,FUL,A
20,MUN,LEE,A
20,CHE,MCI,A
20,CRY,NEW,A
20,SUN,TOT,A
20,WHU,WOL,A
21,BOU,TOT,H
21,ARS,LIV,H
21,BRF,SUN,H
21,BUR,MUN,H
21,CRY,AVL,H
21,EVE,WOL,H
21,FUL,CHE,H
21,MCI,BHA,H
21,NEW,LEE,H
21,WHU,NOT,H
21,TOT,BOU,A
21,LIV,ARS,A
21,SUN,BRF,A
21,MUN,BUR,A
21,AVL,CRY,A
21,WOL,EVE,A
21,CHE,FUL,A
21,BHA,MCI,A
21,LEE,NEW,A
21,NOT,WHU,A
22,AVL,EVE,H
22,BHA,BOU,H
22,CHE,BRF,H
22,LEE,FUL,H
22,LIV,BUR,H
22,MUN,MCI,H
22,NOT,ARS,H
22,SUN,CRY,H
22,TOT,WHU,H
22,WOL,NEW,H
22,EVE,AVL,A
22,BOU,BHA,A
22,BRF,CHE,A
22,FUL,LEE,A
22,BUR,LIV,A
22,MCI,MUN,A
22,ARS,NOT,A
22,CRY,SUN,A
22,WHU,TOT,A
22,NEW,WOL,A
23,BOU,LIV,H
23,ARS,MUN,H
23,BRF,NOT,H
23,BUR,TOT,H
23,CRY,CHE,H
23,EVE,LEE,H
23,FUL,BHA,H
23,MCI,WOL,H
23,NEW,AVL,H
23,WHU,SUN,H
23,LIV,BOU,A
23,MUN,ARS,A
23,NOT,BRF,A
23,TOT,BUR,A
23,CHE,CRY,A
23,LEE,EVE,A
23,BHA,FUL,A
23,WOL,MCI,A
23,AVL,NEW,A
23,SUN,WHU,A
24,AVL,BRF,H
24,BHA,EVE,H
24,CHE,WHU,H
24,LEE,ARS,H
24,LIV,NEW,H
24,MUN,FUL,H
24,NOT,CRY,H
24,SUN,BUR,H
24,TOT,MCI,H
24,WOL,BOU,H
24,BRF,AVL,A
24,EVE,BHA,A
24,WHU,CHE,A
24,ARS,LEE,A
24,NEW,LIV,A
24,FUL,MUN,A
24,CRY,NOT,A
24,BUR,SUN,A
24,MCI,TOT,A
24,BOU,WOL,A
25,BOU,AVL,H
25,ARS,SUN,H
25,BHA,CRY,H
25,BUR,WHU,H
25,FUL,EVE,H
25,LEE,NOT,H
25,LIV,MCI,H
25,MUN,TOT,H
25,NEW,BRF,H
25,WOL,CHE,H
25,AVL,BOU,A
25,SUN,ARS,A
25,CRY,BHA,A
25,WHU,BUR,A
25,EVE,FUL,A
25,NOT,LEE,A
25,MCI,LIV,A
25,TOT,MUN,A
25,BRF,NEW,A
25,CHE,WOL,A
26,AVL,BHA,H
26,BRF,ARS,H
26,CHE,LEE,H
26,CRY,BUR,H
26,EVE,BOU,H
26,MCI,FUL,H
26,NOT,WOL,H
26,SUN,LIV,H
26,TOT,NEW,H
26,WHU,MUN,H
26,BHA,AVL,A
26,ARS,BRF,A
26,LEE,CHE,A
26,BUR,CRY,A
26,BOU,EVE,A
26,FUL,MCI,A
26,WOL,NOT,A
26,LIV,SUN,A
26,NEW,TOT,A
26,MUN,WHU,A
27,AVL,LEE,H
27,BRF,BHA,H
27,CHE,BUR,H
27,CRY,WOL,H
27,EVE,MUN,H
27,MCI,NEW,H
27,NOT,LIV,H
27,SUN,FUL,H
27,TOT,ARS,H
27,WHU,BOU,H
27,LEE,AVL,A
27,BHA,BRF,A
27,BUR,CHE,A
27,WOL,CRY,A
27,MUN,EVE,A
27,NEW,MCI,A
27,LIV,NOT,A
27,FUL,SUN,A
27,ARS,TOT,A
27,BOU,WHU,A
28,BOU,SUN,H
28,ARS,CHE,H
28,BHA,NOT,H
28,BUR,BRF,H
28,FUL,TOT,H
28,LEE,MCI,H
28,LIV,WHU,H
28,MUN,CRY,H
28,NEW,EVE,H
28,WOL,AVL,H
28,SUN,BOU,A
28,CHE,ARS,A
28,NOT,BHA,A
28,BRF,BUR,A
28,TOT,FUL,A
28,MCI,LEE,A
28,WHU,LIV,A
28,CRY,MUN,A
28,EVE,NEW,A
28,AVL,WOL,A
29,BOU,BRF,H
29,AVL,CHE,H
29,BHA,ARS,H
29,EVE,BUR,H
29,FUL,WHU,H
29,LEE,SUN,H
29,MCI,NOT,H
29,NEW,MUN,H
29,TOT,CRY,H
29,WOL,LIV,H
29,BRF,BOU,A
29,CHE,AVL,A
29,ARS,BHA,A
29,BUR,EVE,A
29,WHU,FUL,A
29,SUN,LEE,A
29,NOT,MCI,A
29,MUN,NEW,A
29,CRY,TOT,A
29,LIV,WOL,A
30,ARS,EVE,H
30,BRF,WOL,H
30,BUR,BOU,H
30,CHE,NEW,H
30,CRY,LEE,H
30,LIV,TOT,H
30,MUN,AVL,H
30,NOT,FUL,H
30,SUN,BHA,H
30,WHU,MCI,H
30,EVE,ARS,A
30,WOL,BRF,A
30,BOU,BUR,A
30,NEW,CHE,A
30,LEE,CRY,A
30,TOT,LIV,A
30,AVL,MUN,A
30,FUL,NOT,A
30,BHA,SUN,A
30,MCI,WHU,A
31,BOU,MUN,H
31,AVL,WHU,H
31,BHA,LIV,H
31,EVE,CHE,H
31,FUL,BUR,H
31,LEE,BRF,H
31,MCI,CRY,H
31,NEW,SUN,H
31,TOT,NOT,H
31,WOL,ARS,H
31,MUN,BOU,A
31,WHU,AVL,A
31,LIV,BHA,A
31,CHE,EVE,A
31,BUR,FUL,A
31,BRF,LEE,A
31,CRY,MCI,A
31,SUN,NEW,A
31,NOT,TOT,A
31,ARS,WOL,A
32,ARS,BOU,H
32,BRF,EVE,H
32,BUR,BHA,H
32,CHE,MCI,H
32,CRY,NEW,H
32,LIV,FUL,H
32,MUN,LEE,H
32,NOT,AVL,H
32,SUN,TOT,H
32,WHU,WOL,H
32,BOU,ARS,A
32,EVE,BRF,A
32,BHA,BUR,A
32,MCI,CHE,A
32,NEW,CRY,A
32,FUL,LIV,A
32,LEE,MUN,A
32,AVL,NOT,A
32,TOT,SUN,A
32,WOL,WHU,A
33,AVL,SUN,H
33,BRF,FUL,H
33,CHE,MUN,H
33,CRY,WHU,H
33,EVE,LIV,H
33,LEE,WOL,H
33,MCI,ARS,H
33,NEW,BOU,H
33,NOT,BUR,H
33,TOT,BHA,H
33,SUN,AVL,A
33,FUL,BRF,A
33,MUN,CHE,A
33,WHU,CRY,A
33,LIV,EVE,A
33,WOL,LEE,A
33,ARS,MCI,A
33,BOU,NEW,A
33,BUR,NOT,A
33,BHA,TOT,A
34,BOU,LEE,H
34,ARS,NEW,H
34,BHA,CHE,H
34,BUR,MCI,H
34,FUL,AVL,H
34,LIV,CRY,H
34,MUN,BRF,H
34,SUN,NOT,H
34,WHU,EVE,H
34,WOL,TOT,H
34,LEE,BOU,A
34,NEW,ARS,A
34,CHE,BHA,A
34,MCI,BUR,A
34,AVL,FUL,A
34,CRY,LIV,A
34,BRF,MUN,A
34,NOT,SUN,A
34,EVE,WHU,A
34,TOT,WOL,A
35,BOU,CRY,H
35,ARS,FUL,H
35,AVL,TOT,H
35,BRF,WHU,H
35,CHE,NOT,H
35,EVE,MCI,H
35,LEE,BUR,H
35,MUN,LIV,H
35,NEW,BHA,H
35,WOL,SUN,H
35,CRY,BOU,A
35,FUL,ARS,A
35,TOT,AVL,A
35,WHU,BRF,A
35,NOT,CHE,A
35,MCI,EVE,A
35,BUR,LEE,A
35,LIV,MUN,A
35,BHA,NEW,A
35,SUN,WOL,A
36,BHA,WOL,H
36,BUR,AVL,H
36,CRY,EVE,H
36,FUL,BOU,H
36,LIV,CHE,H
36,MCI,BRF,H
36,NOT,NEW,H
36,SUN,MUN,H
36,TOT,LEE,H
36,WHU,ARS,H
36,WOL,BHA,A
36,AVL,BUR,A
36,EVE,CRY,A
36,BOU,FUL,A
36,CHE,LIV,A
36,BRF,MCI,A
36,NEW,NOT,A
36,MUN,SUN,A
36,LEE,TOT,A
36,ARS,WHU,A
37,BOU,MCI,H
37,ARS,BUR,H
37,AVL,LIV,H
37,BRF,CRY,H
37,CHE,TOT,H
37,EVE,SUN,H
37,LEE,BHA,H
37,MUN,NOT,H
37,NEW,WHU,H
37,WOL,FUL,H
37,MCI,BOU,A
37,BUR,ARS,A
37,LIV,AVL,A
37,CRY,BRF,A
37,TOT,CHE,A
37,SUN,EVE,A
37,BHA,LEE,A
37,NOT,MUN,A
37,WHU,NEW,A
37,FUL,WOL,A
38,BHA,MUN,H
38,BUR,WOL,H
38,CRY,ARS,H
38,FUL,NEW,H
38,LIV,BRF,H
38,MCI,AVL,H
38,NOT,BOU,H
38,SUN,CHE,H
38,TOT,EVE,H
38,WHU,LEE,H
38,MUN,BHA,A
38,WOL,BUR,A
38,ARS,CRY,A
38,NEW,FUL,A
38,BRF,LIV,A
38,AVL,MCI,A
38,BOU,NOT,A
38,CHE,SUN,A
38,EVE,TOT,A
38,LEE,WHU,A